Date,Round,Day,Temp,Genotype,Flask,Method,Count1,C2,C3,C4,C5,C6,C7,C8,C9,C10,Average,Density_cellspermL,Densityx10000,
5/20/2019,MayJune,1,26,FLCass,1,0,24,27,23,22,28,28,25,28,,,25.625,28472.222,2.847,
5/20/2019,MayJune,1,26,FLCass,2,0,20,23,26,20,25,27,17,14,28,25,22.5,25000.000,2.500,
5/20/2019,MayJune,1,26,FLCass,3,0,12,15,17,17,13,17,17,15,,,15.375,17083.333,1.708,
5/20/2019,MayJune,1,26,FLCass,4,0,15,15,18,19,25,26,26,25,,,21.125,23472.222,2.347,
5/20/2019,MayJune,1,26,CCMP2464,1,0,8,7,14,9,,,,,,,9.5,10555.556,1.056,
5/20/2019,MayJune,1,26,CCMP2464,2,0,5,13,13,20,,,,,,,12.75,14166.667,1.417,
5/20/2019,MayJune,1,26,CCMP2464,3,0,20,14,11,9,,,,,,,13.5,15000.000,1.500,
5/20/2019,MayJune,1,26,CCMP2464,4,0,8,12,19,21,,,,,,,15,16666.667,1.667,
5/20/2019,MayJune,1,26,KB8,1,0,8,15,18,8,,,,,,,12.25,13611.111,1.361,
5/20/2019,MayJune,1,26,KB8,2,0,2,3,7,16,,,,,,,7,7777.778,0.778,
5/20/2019,MayJune,1,26,KB8,3,0,8,7,8,7,,,,,,,7.5,8333.333,0.833,
5/20/2019,MayJune,1,26,KB8,4,0,9,12,16,19,,,,,,,14,15555.556,1.556,
5/20/2019,MayJune,1,26,CCMP2458,1,0,14,24,31,23,,,,,,,23,25555.556,2.556,
5/20/2019,MayJune,1,26,CCMP2458,2,0,19,17,32,27,,,,,,,23.75,26388.889,2.639,
5/20/2019,MayJune,1,26,CCMP2458,3,0,20,19,22,22,17,,,,,,20,22222.222,2.222,
5/20/2019,MayJune,1,26,CCMP2458,4,0,15,12,37,27,,,,,,,22.75,25277.778,2.528,
5/20/2019,MayJune,1,26,RT362,1,0,18,18,28,17,,,,,,,20.25,22500.000,2.250,
5/20/2019,MayJune,1,26,RT362,2,0,13,18,19,23,,,,,,,18.25,20277.778,2.028,
5/20/2019,MayJune,1,26,RT362,3,0,18,27,22,18,,,,,,,21.25,23611.111,2.361,
5/20/2019,MayJune,1,26,RT362,4,0,25,17,28,20,,,,,,,22.5,25000.000,2.500,
5/20/2019,MayJune,1,30,CCMP2458,1,0,36,28,24,30,,,,,,,29.5,32777.778,3.278,
5/20/2019,MayJune,1,30,CCMP2458,2,0,27,27,27,37,,,,,,,29.5,32777.778,3.278,
5/20/2019,MayJune,1,30,CCMP2458,3,0,38,41,35,46,,,,,,,40,44444.444,4.444,
5/20/2019,MayJune,1,30,CCMP2458,4,0,27,31,43,35,,,,,,,34,37777.778,3.778,
5/20/2019,MayJune,1,30,CCMP2464,1,0,3,3,6,8,,,,,,,5,5555.556,0.556,
5/20/2019,MayJune,1,30,CCMP2464,2,0,4,12,10,6,,,,,,,8,8888.889,0.889,
5/20/2019,MayJune,1,30,CCMP2464,3,0,11,9,7,8,,,,,,,8.75,9722.222,0.972,
5/20/2019,MayJune,1,30,CCMP2464,4,0,9,3,5,5,,,,,,,5.5,6111.111,0.611,
5/20/2019,MayJune,1,30,RT362,1,0,28,34,28,29,,,,,,,29.75,33055.556,3.306,
5/20/2019,MayJune,1,30,RT362,2,0,43,37,34,40,,,,,,,38.5,42777.778,4.278,
5/20/2019,MayJune,1,30,RT362,3,0,25,35,18,31,38,39,,,,,31,34444.444,3.444,
5/20/2019,MayJune,1,30,RT362,4,0,15,24,27,23,,,,,,,22.25,24722.222,2.472,
5/20/2019,MayJune,1,30,KB8,1,0,14,15,21,21,,,,,,,17.75,19722.222,1.972,
5/20/2019,MayJune,1,30,KB8,2,0,16,19,18,18,,,,,,,17.75,19722.222,1.972,
5/20/2019,MayJune,1,30,KB8,3,0,13,18,27,28,,,,,,,21.5,23888.889,2.389,
5/20/2019,MayJune,1,30,KB8,4,0,11,11,10,15,,,,,,,11.75,13055.556,1.306,
5/20/2019,MayJune,1,30,FLCass,1,0,25,31,26,19,,,,,,,25.25,28055.556,2.806,
5/20/2019,MayJune,1,30,FLCass,2,0,20,24,32,44,,,,,,,30,33333.333,3.333,
5/20/2019,MayJune,1,30,FLCass,3,0,35,41,45,47,,,,,,,42,46666.667,4.667,
5/20/2019,MayJune,1,30,FLCass,4,0,20,30,43,46,,,,,,,34.75,38611.111,3.861,
5/20/2019,MayJune,1,32,CCMP2458,1,0,5,8,9,15,8,,,,,,9,10000.000,1.000,
5/20/2019,MayJune,1,32,CCMP2458,2,0,12,11,14,13,,,,,,,12.5,13888.889,1.389,
5/20/2019,MayJune,1,32,CCMP2458,3,0,14,11,14,14,,,,,,,13.25,14722.222,1.472,
5/20/2019,MayJune,1,32,CCMP2458,4,0,16,11,14,3,,,,,,,11,12222.222,1.222,
5/20/2019,MayJune,1,32,CCMP2464,1,0,8,19,9,5,14,12,,,,,11.16666667,12407.407,1.241,
5/20/2019,MayJune,1,32,CCMP2464,2,0,3,8,7,6,,,,,,,6,6666.667,0.667,
5/20/2019,MayJune,1,32,CCMP2464,3,0,8,9,2,7,,,,,,,6.5,7222.222,0.722,
5/20/2019,MayJune,1,32,CCMP2464,4,0,5,10,11,7,,,,,,,8.25,9166.667,0.917,
5/20/2019,MayJune,1,32,RT362,1,0,13,17,10,8,,,,,,,12,13333.333,1.333,
5/20/2019,MayJune,1,32,RT362,2,0,11,17,13,13,,,,,,,13.5,15000.000,1.500,
5/20/2019,MayJune,1,32,RT362,3,0,14,20,17,15,,,,,,,16.5,18333.333,1.833,
5/20/2019,MayJune,1,32,RT362,4,0,15,9,17,9,,,,,,,12.5,13888.889,1.389,
5/20/2019,MayJune,1,32,KB8,1,0,2,4,14,5,8,14,,,,,7.833333333,8703.704,0.870,
5/20/2019,MayJune,1,32,KB8,2,0,6,7,0,8,,,,,,,5.25,5833.333,0.583,
5/20/2019,MayJune,1,32,KB8,3,0,6,3,14,6,,,,,,,7.25,8055.556,0.806,
5/20/2019,MayJune,1,32,KB8,4,0,2,4,3,3,,,,,,,3,3333.333,0.333,
5/20/2019,MayJune,1,32,FLCass,1,0,10,10,12,13,,,,,,,11.25,12500.000,1.250,
5/20/2019,MayJune,1,32,FLCass,2,0,28,25,22,20,,,,,,,23.75,26388.889,2.639,
5/20/2019,MayJune,1,32,FLCass,3,0,36,19,29,22,,,,,,,26.5,29444.444,2.944,
5/20/2019,MayJune,1,32,FLCass,4,0,14,19,25,28,,,,,,,21.5,23888.889,2.389,
5/22/2019,MayJune,3,26,CCMP2458,1,0,59,53,44,45,,,,,,,50.25,55833.333,5.583,
5/22/2019,MayJune,3,26,CCMP2458,2,0,60,70,66,64,,,,,,,65,72222.222,7.222,
5/22/2019,MayJune,3,26,CCMP2458,3,0,39,52,72,41,,,,,,,51,56666.667,5.667,
5/22/2019,MayJune,3,26,CCMP2458,4,0,41,42,47,51,,,,,,,45.25,50277.778,5.028,
5/22/2019,MayJune,3,26,KB8,1,0,24,35,27,23,,,,,,,27.25,30277.778,3.028,
5/22/2019,MayJune,3,26,KB8,2,0,14,19,16,24,,,,,,,18.25,20277.778,2.028,
5/22/2019,MayJune,3,26,KB8,3,0,39,23,30,34,,,,,,,31.5,35000.000,3.500,
5/22/2019,MayJune,3,26,KB8,4,0,31,16,30,22,,,,,,,24.75,27500.000,2.750,
5/22/2019,MayJune,3,26,FLCass,1,0,39,39,59,45,,,,,,,45.5,50555.556,5.056,
5/22/2019,MayJune,3,26,FLCass,2,0,39,38,54,70,,,,,,,50.25,55833.333,5.583,
5/22/2019,MayJune,3,26,FLCass,3,0,31,42,52,48,,,,,,,43.25,48055.556,4.806,
5/22/2019,MayJune,3,26,FLCass,4,0,42,44,56,47,,,,,,,47.25,52500.000,5.250,
5/22/2019,MayJune,3,26,RT362,1,0,58,73,66,70,,,,,,,66.75,74166.667,7.417,
5/22/2019,MayJune,3,26,RT362,2,0,92,70,81,62,,,,,,,76.25,84722.222,8.472,
5/22/2019,MayJune,3,26,RT362,3,0,75,64,79,53,,,,,,,67.75,75277.778,7.528,
5/22/2019,MayJune,3,26,RT362,4,0,49,44,84,47,41,66,,,,,55.16666667,61296.296,6.130,
5/22/2019,MayJune,3,26,CCMP2464,1,0,14,5,5,7,,,,,,,7.75,8611.111,0.861,
5/22/2019,MayJune,3,26,CCMP2464,2,0,10,15,12,10,,,,,,,11.75,13055.556,1.306,
5/22/2019,MayJune,3,26,CCMP2464,3,0,14,3,4,13,,,,,,,8.5,9444.444,0.944,
5/22/2019,MayJune,3,26,CCMP2464,4,0,10,16,12,8,,,,,,,11.5,12777.778,1.278,
5/22/2019,MayJune,3,30,RT362,1,0,105,99,70,78,,,,,,,88,97777.778,9.778,
5/22/2019,MayJune,3,30,RT362,2,0,94,77,93,106,,,,,,,92.5,102777.778,10.278,
5/22/2019,MayJune,3,30,RT362,3,0,123,69,94,91,,,,,,,94.25,104722.222,10.472,
5/22/2019,MayJune,3,30,RT362,4,0,106,132,110,119,,,,,,,116.75,129722.222,12.972,
5/22/2019,MayJune,3,30,FLCass,1,0,93,95,95,116,,,,,,,99.75,110833.333,11.083,
5/22/2019,MayJune,3,30,FLCass,2,0,111,135,80,94,,,,,,,105,116666.667,11.667,
5/22/2019,MayJune,3,30,FLCass,3,0,92,102,106,95,,,,,,,98.75,109722.222,10.972,
5/22/2019,MayJune,3,30,FLCass,4,0,96,112,139,120,,,,,,,116.75,129722.222,12.972,
5/22/2019,MayJune,3,30,KB8,1,0,47,55,47,57,,,,,,,51.5,57222.222,5.722,
5/22/2019,MayJune,3,30,KB8,2,0,66,46,51,51,,,,,,,53.5,59444.444,5.944,
5/22/2019,MayJune,3,30,KB8,3,0,61,60,59,60,,,,,,,60,66666.667,6.667,
5/22/2019,MayJune,3,30,KB8,4,0,42,21,30,42,,,,,,,33.75,37500.000,3.750,
5/22/2019,MayJune,3,30,CCMP2464,1,0,14,13,8,8,,,,,,,10.75,11944.444,1.194,
5/22/2019,MayJune,3,30,CCMP2464,2,0,14,17,17,22,,,,,,,17.5,19444.444,1.944,
5/22/2019,MayJune,3,30,CCMP2464,3,0,11,18,19,17,,,,,,,16.25,18055.556,1.806,
5/22/2019,MayJune,3,30,CCMP2464,4,0,21,16,15,10,,,,,,,15.5,17222.222,1.722,
5/22/2019,MayJune,3,30,CCMP2458,1,0,90,90,80,96,,,,,,,89,98888.889,9.889,
5/22/2019,MayJune,3,30,CCMP2458,2,0,94,96,99,124,,,,,,,103.25,114722.222,11.472,
5/22/2019,MayJune,3,30,CCMP2458,3,0,79,89,85,85,,,,,,,84.5,93888.889,9.389,
5/22/2019,MayJune,3,30,CCMP2458,4,0,86,85,89,79,,,,,,,84.75,94166.667,9.417,
5/22/2019,MayJune,3,32,RT362,1,0,36,32,33,46,,,,,,,36.75,40833.333,4.083,
5/22/2019,MayJune,3,32,RT362,2,0,24,34,46,42,,,,,,,36.5,40555.556,4.056,
5/22/2019,MayJune,3,32,RT362,3,0,31,35,38,48,,,,,,,38,42222.222,4.222,
5/22/2019,MayJune,3,32,RT362,4,0,29,35,38,29,,,,,,,32.75,36388.889,3.639,
5/22/2019,MayJune,3,32,CCMP2458,1,0,26,27,23,29,,,,,,,26.25,29166.667,2.917,
5/22/2019,MayJune,3,32,CCMP2458,2,0,28,35,22,30,,,,,,,28.75,31944.444,3.194,
5/22/2019,MayJune,3,32,CCMP2458,3,0,29,26,26,26,,,,,,,26.75,29722.222,2.972,
5/22/2019,MayJune,3,32,CCMP2458,4,0,38,31,9,28,,,,,,,26.5,29444.444,2.944,
5/22/2019,MayJune,3,32,FLCass,1,0,13,16,30,53,,,,,,,28,31111.111,3.111,
5/22/2019,MayJune,3,32,FLCass,2,0,97,71,28,33,,,,,,,57.25,63611.111,6.361,
5/22/2019,MayJune,3,32,FLCass,3,0,18,44,34,46,,,,,,,35.5,39444.444,3.944,
5/22/2019,MayJune,3,32,FLCass,4,0,13,36,50,19,,,,,,,29.5,32777.778,3.278,
5/22/2019,MayJune,3,32,KB8,1,0,8,18,7,20,,,,,,,13.25,14722.222,1.472,
5/22/2019,MayJune,3,32,KB8,2,0,15,19,29,12,,,,,,,18.75,20833.333,2.083,
5/22/2019,MayJune,3,32,KB8,3,0,11,8,18,16,,,,,,,13.25,14722.222,1.472,
5/22/2019,MayJune,3,32,KB8,4,0,6,4,12,14,,,,,,,9,10000.000,1.000,
5/22/2019,MayJune,3,32,CCMP2464,1,0,8,10,11,4,,,,,,,8.25,9166.667,0.917,
5/22/2019,MayJune,3,32,CCMP2464,2,0,6,16,8,11,,,,,,,10.25,11388.889,1.139,
5/22/2019,MayJune,3,32,CCMP2464,3,0,9,8,11,6,,,,,,,8.5,9444.444,0.944,
5/22/2019,MayJune,3,32,CCMP2464,4,0,9,8,10,4,,,,,,,7.75,8611.111,0.861,
5/24/2019,MayJune,5,26,CCMP2464,1,0,9,12,11,12,,,,,,,11,12222.222,1.222,
5/24/2019,MayJune,5,26,CCMP2464,2,0,7,5,11,8,,,,,,,7.75,8611.111,0.861,
5/24/2019,MayJune,5,26,CCMP2464,3,0,14,6,11,7,,,,,,,9.5,10555.556,1.056,
5/24/2019,MayJune,5,26,CCMP2464,4,0,8,7,9,11,,,,,,,8.75,9722.222,0.972,
5/24/2019,MayJune,5,26,CCMP2458,1,0,104,123,99,175,,,,,,,125.25,139166.667,13.917,
5/24/2019,MayJune,5,26,CCMP2458,2,0,101,100,73,119,,,,,,,98.25,109166.667,10.917,
5/24/2019,MayJune,5,26,CCMP2458,3,0,83,93,108,99,,,,,,,95.75,106388.889,10.639,
5/24/2019,MayJune,5,26,CCMP2458,4,0,68,67,98,65,,,,,,,74.5,82777.778,8.278,
5/24/2019,MayJune,5,26,FLCass,1,0,92,92,137,140,,,,,,,115.25,128055.556,12.806,
5/24/2019,MayJune,5,26,FLCass,2,0,97,97,122,247,,,,,,,140.75,156388.889,15.639,
5/24/2019,MayJune,5,26,FLCass,3,0,121,96,143,149,,,,,,,127.25,141388.889,14.139,
5/24/2019,MayJune,5,26,FLCass,4,0,109,126,120,92,,,,,,,111.75,124166.667,12.417,
5/24/2019,MayJune,5,26,KB8,1,0,84,72,50,82,,,,,,,72,80000.000,8.000,
5/24/2019,MayJune,5,26,KB8,2,0,46,52,39,58,,,,,,,48.75,54166.667,5.417,
5/24/2019,MayJune,5,26,KB8,3,0,43,51,58,62,,,,,,,53.5,59444.444,5.944,
5/24/2019,MayJune,5,26,KB8,4,0,90,99,52,51,,,,,,,73,81111.111,8.111,
5/24/2019,MayJune,5,26,RT362,1,0,199,149,153,164,,,,,,,166.25,184722.222,18.472,
5/24/2019,MayJune,5,26,RT362,2,0,163,133,172,117,,,,,,,146.25,162500.000,16.250,
5/24/2019,MayJune,5,26,RT362,3,0,149,105,128,148,,,,,,,132.5,147222.222,14.722,
5/24/2019,MayJune,5,26,RT362,4,0,127,157,165,139,,,,,,,147,163333.333,16.333,
5/24/2019,MayJune,5,30,CCMP2458,1,0,239,226,212,249,,,,,,,231.5,257222.222,25.722,
5/24/2019,MayJune,5,30,CCMP2458,2,0,201,221,232,200,,,,,,,213.5,237222.222,23.722,
5/24/2019,MayJune,5,30,CCMP2458,3,0,262,241,234,271,,,,,,,252,280000.000,28.000,
5/24/2019,MayJune,5,30,CCMP2458,4,0,265,257,205,248,,,,,,,243.75,270833.333,27.083,
5/24/2019,MayJune,5,30,FLCass,1,1,75,53,80,66,,,,,,,68.5,171250.000,17.125,
5/24/2019,MayJune,5,30,FLCass,2,1,80,87,79,97,,,,,,,85.75,214375.000,21.438,
5/24/2019,MayJune,5,30,FLCass,3,0,155,127,150,177,,,,,,,152.25,169166.667,16.917,
5/24/2019,MayJune,5,30,FLCass,4,1,67,80,60,81,,,,,,,72,180000.000,18.000,
5/24/2019,MayJune,5,30,KB8,1,0,155,142,170,159,,,,,,,156.5,173888.889,17.389,
5/24/2019,MayJune,5,30,KB8,2,0,146,151,156,128,,,,,,,145.25,161388.889,16.139,
5/24/2019,MayJune,5,30,KB8,3,0,156,151,153,155,,,,,,,153.75,170833.333,17.083,
5/24/2019,MayJune,5,30,KB8,4,0,76,71,68,90,,,,,,,76.25,84722.222,8.472,
5/24/2019,MayJune,5,30,CCMP2464,1,0,10,8,16,4,,,,,,,9.5,10555.556,1.056,
5/24/2019,MayJune,5,30,CCMP2464,2,0,11,12,5,10,,,,,,,9.5,10555.556,1.056,
5/24/2019,MayJune,5,30,CCMP2464,3,0,8,10,16,6,,,,,,,10,11111.111,1.111,
5/24/2019,MayJune,5,30,CCMP2464,4,0,11,10,9,3,,,,,,,8.25,9166.667,0.917,
5/24/2019,MayJune,5,30,RT362,1,0,190,182,145,181,,,,,,,174.5,193888.889,19.389,
5/24/2019,MayJune,5,30,RT362,2,0,248,227,191,219,,,,,,,221.25,245833.333,24.583,
5/24/2019,MayJune,5,30,RT362,3,0,245,210,213,261,,,,,,,232.25,258055.556,25.806,
5/24/2019,MayJune,5,30,RT362,4,0,237,232,254,191,,,,,,,228.5,253888.889,25.389,
5/24/2019,MayJune,5,32,CCMP2458,1,0,57,74,46,60,,,,,,,59.25,65833.333,6.583,
5/24/2019,MayJune,5,32,CCMP2458,2,0,84,60,57,83,,,,,,,71,78888.889,7.889,
5/24/2019,MayJune,5,32,CCMP2458,3,0,58,46,65,54,,,,,,,55.75,61944.444,6.194,
5/24/2019,MayJune,5,32,CCMP2458,4,0,71,57,58,74,,,,,,,65,72222.222,7.222,
5/24/2019,MayJune,5,32,RT362,1,0,93,90,78,91,,,,,,,88,97777.778,9.778,
5/24/2019,MayJune,5,32,RT362,2,0,103,79,116,83,,,,,,,95.25,105833.333,10.583,
5/24/2019,MayJune,5,32,RT362,3,0,122,122,117,103,,,,,,,116,128888.889,12.889,
5/24/2019,MayJune,5,32,RT362,4,0,94,111,95,108,,,,,,,102,113333.333,11.333,
5/24/2019,MayJune,5,32,FLCass,1,0,35,52,28,32,,,,,,,36.75,40833.333,4.083,
5/24/2019,MayJune,5,32,FLCass,2,0,56,53,45,71,,,,,,,56.25,62500.000,6.250,
5/24/2019,MayJune,5,32,FLCass,3,0,95,96,110,101,,,,,,,100.5,111666.667,11.167,
5/24/2019,MayJune,5,32,FLCass,4,0,128,62,55,72,,,,,,,79.25,88055.556,8.806,
5/24/2019,MayJune,5,32,CCMP2464,1,0,8,6,11,12,,,,,,,9.25,10277.778,1.028,
5/24/2019,MayJune,5,32,CCMP2464,2,0,14,11,10,6,,,,,,,10.25,11388.889,1.139,
5/24/2019,MayJune,5,32,CCMP2464,3,0,3,1,2,4,,,,,,,2.5,2777.778,0.278,
5/24/2019,MayJune,5,32,CCMP2464,4,0,10,9,14,12,,,,,,,11.25,12500.000,1.250,
5/24/2019,MayJune,5,32,KB8,1,0,19,21,14,20,,,,,,,18.5,20555.556,2.056,
5/24/2019,MayJune,5,32,KB8,2,0,21,28,36,46,,,,,,,32.75,36388.889,3.639,
5/24/2019,MayJune,5,32,KB8,3,0,28,14,26,23,,,,,,,22.75,25277.778,2.528,
5/24/2019,MayJune,5,32,KB8,4,0,12,7,15,30,,,,,,,16,17777.778,1.778,
5/27/2019,MayJune,8,26,KB8,1,1,69,94,90,99,,,,,,,88,220000.000,22.000,
5/27/2019,MayJune,8,26,KB8,2,1,76,75,52,47,,,,,,,62.5,156250.000,15.625,
5/27/2019,MayJune,8,26,KB8,3,1,64,61,74,65,,,,,,,66,165000.000,16.500,
5/27/2019,MayJune,8,26,KB8,4,1,85,90,59,87,,,,,,,80.25,200625.000,20.063,
5/27/2019,MayJune,8,26,FLCass,1,1,144,128,92,87,,,,,,,112.75,281875.000,28.188,
5/27/2019,MayJune,8,26,FLCass,2,1,118,127,92,87,,,,,,,106,265000.000,26.500,
5/27/2019,MayJune,8,26,FLCass,3,1,124,113,116,117,,,,,,,117.5,293750.000,29.375,
5/27/2019,MayJune,8,26,FLCass,4,0,145,285,165,192,,,,,,,196.75,218611.111,21.861,
5/27/2019,MayJune,8,26,CCMP2464,1,0,18,14,17,9,,,,,,,14.5,16111.111,1.611,
5/27/2019,MayJune,8,26,CCMP2464,2,0,11,10,12,14,,,,,,,11.75,13055.556,1.306,
5/27/2019,MayJune,8,26,CCMP2464,3,0,7,14,16,16,,,,,,,13.25,14722.222,1.472,
5/27/2019,MayJune,8,26,CCMP2464,4,0,12,14,15,9,,,,,,,12.5,13888.889,1.389,
5/27/2019,MayJune,8,26,RT362,1,2,28,29,35,51,,,,,,,35.75,357500.000,35.750,
5/27/2019,MayJune,8,26,RT362,2,2,54,40,41,50,,,,,,,46.25,462500.000,46.250,
5/27/2019,MayJune,8,26,RT362,3,2,32,38,38,42,,,,,,,37.5,375000.000,37.500,
5/27/2019,MayJune,8,26,RT362,4,2,44,37,39,24,,,,,,,36,360000.000,36.000,
5/27/2019,MayJune,8,26,CCMP2458,1,0,217,253,269,229,,,,,,,242,268888.889,26.889,
5/27/2019,MayJune,8,26,CCMP2458,2,0,243,274,253,229,,,,,,,249.75,277500.000,27.750,
5/27/2019,MayJune,8,26,CCMP2458,3,0,226,185,157,224,,,,,,,198,220000.000,22.000,
5/27/2019,MayJune,8,26,CCMP2458,4,0,185,179,201,274,,,,,,,209.75,233055.556,23.306,
5/27/2019,MayJune,8,30,RT362,1,2,48,37,65,64,,,,,,,53.5,535000.000,53.500,
5/27/2019,MayJune,8,30,RT362,2,2,53,58,69,54,,,,,,,58.5,585000.000,58.500,
5/27/2019,MayJune,8,30,RT362,3,2,49,63,53,69,,,,,,,58.5,585000.000,58.500,
5/27/2019,MayJune,8,30,RT362,4,2,40,55,49,64,,,,,,,52,520000.000,52.000,
5/27/2019,MayJune,8,30,CCMP2458,1,2,59,58,49,63,,,,,,,57.25,572500.000,57.250,
5/27/2019,MayJune,8,30,CCMP2458,2,2,61,66,52,45,,,,,,,56,560000.000,56.000,
5/27/2019,MayJune,8,30,CCMP2458,3,2,57,64,53,79,,,,,,,63.25,632500.000,63.250,
5/27/2019,MayJune,8,30,CCMP2458,4,2,65,69,68,63,,,,,,,66.25,662500.000,66.250,
5/27/2019,MayJune,8,30,FLCass,1,2,41,52,60,38,,,,,,,47.75,477500.000,47.750,
5/27/2019,MayJune,8,30,FLCass,2,2,31,61,30,51,,,,,,,43.25,432500.000,43.250,
5/27/2019,MayJune,8,30,FLCass,3,2,36,43,30,96,,,,,,,51.25,512500.000,51.250,
5/27/2019,MayJune,8,30,FLCass,4,2,47,37,47,40,,,,,,,42.75,427500.000,42.750,
5/27/2019,MayJune,8,30,CCMP2464,1,0,6,6,15,12,,,,,,,9.75,10833.333,1.083,
5/27/2019,MayJune,8,30,CCMP2464,2,0,9,8,8,14,,,,,,,9.75,10833.333,1.083,
5/27/2019,MayJune,8,30,CCMP2464,3,0,9,12,16,13,,,,,,,12.5,13888.889,1.389,
5/27/2019,MayJune,8,30,CCMP2464,4,0,18,12,13,11,,,,,,,13.5,15000.000,1.500,
5/27/2019,MayJune,8,30,KB8,1,2,83,67,72,76,,,,,,,74.5,745000.000,74.500,
5/27/2019,MayJune,8,30,KB8,2,2,39,70,64,77,,,,,,,62.5,625000.000,62.500,
5/27/2019,MayJune,8,30,KB8,3,2,49,76,49,66,,,,,,,60,600000.000,60.000,
5/27/2019,MayJune,8,30,KB8,4,2,30,47,63,50,,,,,,,47.5,475000.000,47.500,
5/27/2019,MayJune,8,32,CCMP2458,1,0,190,217,232,204,,,,,,,210.75,234166.667,23.417,
5/27/2019,MayJune,8,32,CCMP2458,2,0,165,214,235,189,,,,,,,200.75,223055.556,22.306,
5/27/2019,MayJune,8,32,CCMP2458,3,0,254,202,253,168,,,,,,,219.25,243611.111,24.361,
5/27/2019,MayJune,8,32,CCMP2458,4,0,158,171,214,189,,,,,,,183,203333.333,20.333,
5/27/2019,MayJune,8,32,FLCass,1,0,130,141,191,163,,,,,,,156.25,173611.111,17.361,
5/27/2019,MayJune,8,32,FLCass,2,0,188,187,173,165,,,,,,,178.25,198055.556,19.806,
5/27/2019,MayJune,8,32,FLCass,3,1,149,78,84,106,,,,,,,104.25,260625.000,26.063,
5/27/2019,MayJune,8,32,FLCass,4,0,83,64,76,89,,,,,,,78,86666.667,8.667,
5/27/2019,MayJune,8,32,CCMP2464,1,0,5,3,3,8,,,,,,,4.75,5277.778,0.528,
5/27/2019,MayJune,8,32,CCMP2464,2,0,8,4,6,4,,,,,,,5.5,6111.111,0.611,
5/27/2019,MayJune,8,32,CCMP2464,3,0,2,3,1,4,,,,,,,2.5,2777.778,0.278,
5/27/2019,MayJune,8,32,CCMP2464,4,0,11,9,6,4,,,,,,,7.5,8333.333,0.833,
5/27/2019,MayJune,8,32,RT362,1,1,91,98,105,97,,,,,,,97.75,244375.000,24.438,
5/27/2019,MayJune,8,32,RT362,2,1,120,113,112,116,,,,,,,115.25,288125.000,28.813,
5/27/2019,MayJune,8,32,RT362,3,1,133,111,112,109,,,,,,,116.25,290625.000,29.063,
5/27/2019,MayJune,8,32,RT362,4,1,110,114,130,110,,,,,,,116,290000.000,29.000,
5/27/2019,MayJune,8,32,KB8,1,0,77,48,77,59,,,,,,,65.25,72500.000,7.250,
5/27/2019,MayJune,8,32,KB8,2,0,82,87,118,107,,,,,,,98.5,109444.444,10.944,
5/27/2019,MayJune,8,32,KB8,3,0,57,88,72,57,,,,,,,68.5,76111.111,7.611,
5/27/2019,MayJune,8,32,KB8,4,0,23,45,50,31,,,,,,,37.25,41388.889,4.139,
5/29/2019,MayJune,10,26,CCMP2464,1,0,7,11,3,6,,,,,,,6.75,7500.000,0.750,
5/29/2019,MayJune,10,26,CCMP2464,2,0,3,9,6,8,,,,,,,6.5,7222.222,0.722,
5/29/2019,MayJune,10,26,CCMP2464,3,0,6,9,7,9,,,,,,,7.75,8611.111,0.861,
5/29/2019,MayJune,10,26,CCMP2464,4,0,8,9,7,5,,,,,,,7.25,8055.556,0.806,
5/29/2019,MayJune,10,26,KB8,1,2,52,32,55,42,,,,,,,45.25,452500.000,45.250,
5/29/2019,MayJune,10,26,KB8,2,2,23,34,33,34,,,,,,,31,310000.000,31.000,
5/29/2019,MayJune,10,26,KB8,3,2,38,48,26,38,,,,,,,37.5,375000.000,37.500,
5/29/2019,MayJune,10,26,KB8,4,2,37,31,36,24,,,,,,,32,320000.000,32.000,
5/29/2019,MayJune,10,26,RT362,1,2,55,67,55,47,,,,,,,56,560000.000,56.000,
5/29/2019,MayJune,10,26,RT362,2,2,61,41,92,63,,,,,,,64.25,642500.000,64.250,
5/29/2019,MayJune,10,26,RT362,3,2,78,74,48,53,,,,,,,63.25,632500.000,63.250,
5/29/2019,MayJune,10,26,RT362,4,2,34,86,62,73,,,,,,,63.75,637500.000,63.750,
5/29/2019,MayJune,10,26,FLCass,1,2,30,21,27,67,,,,,,,36.25,362500.000,36.250,
5/29/2019,MayJune,10,26,FLCass,2,1,77,68,93,94,,,,,,,83,207500.000,20.750,
5/29/2019,MayJune,10,26,FLCass,3,1,113,91,95,95,,,,,,,98.5,246250.000,24.625,
5/29/2019,MayJune,10,26,FLCass,4,1,68,65,81,81,,,,,,,73.75,184375.000,18.438,
5/29/2019,MayJune,10,26,CCMP2458,1,2,35,47,37,47,,,,,,,41.5,415000.000,41.500,
5/29/2019,MayJune,10,26,CCMP2458,2,2,36,44,58,36,,,,,,,43.5,435000.000,43.500,
5/29/2019,MayJune,10,26,CCMP2458,3,2,42,42,55,37,,,,,,,44,440000.000,44.000,
5/29/2019,MayJune,10,26,CCMP2458,4,2,42,45,48,30,,,,,,,41.25,412500.000,41.250,
5/29/2019,MayJune,10,30,CCMP2464,1,0,17,7,4,10,,,,,,,9.5,10555.556,1.056,
5/29/2019,MayJune,10,30,CCMP2464,2,0,8,4,9,5,,,,,,,6.5,7222.222,0.722,
5/29/2019,MayJune,10,30,CCMP2464,3,0,3,5,5,5,,,,,,,4.5,5000.000,0.500,
5/29/2019,MayJune,10,30,CCMP2464,4,0,7,4,6,4,,,,,,,5.25,5833.333,0.583,
5/29/2019,MayJune,10,30,CCMP2458,1,2,102,75,72,81,,,,,,,82.5,825000.000,82.500,
5/29/2019,MayJune,10,30,CCMP2458,2,2,86,70,88,115,,,,,,,89.75,897500.000,89.750,
5/29/2019,MayJune,10,30,CCMP2458,3,2,78,78,95,84,,,,,,,83.75,837500.000,83.750,
5/29/2019,MayJune,10,30,CCMP2458,4,2,76,106,76,72,,,,,,,82.5,825000.000,82.500,
5/29/2019,MayJune,10,30,KB8,1,2,81,49,86,90,,,,,,,76.5,765000.000,76.500,
5/29/2019,MayJune,10,30,KB8,2,2,95,52,79,85,,,,,,,77.75,777500.000,77.750,
5/29/2019,MayJune,10,30,KB8,3,2,69,61,73,70,,,,,,,68.25,682500.000,68.250,
5/29/2019,MayJune,10,30,KB8,4,2,83,72,74,65,,,,,,,73.5,735000.000,73.500,
5/29/2019,MayJune,10,30,FLCass,1,2,56,58,61,46,,,,,,,55.25,552500.000,55.250,
5/29/2019,MayJune,10,30,FLCass,2,2,38,49,60,33,,,,,,,45,450000.000,45.000,
5/29/2019,MayJune,10,30,FLCass,3,2,54,54,41,43,,,,,,,48,480000.000,48.000,
5/29/2019,MayJune,10,30,FLCass,4,2,61,45,76,73,,,,,,,63.75,637500.000,63.750,
5/29/2019,MayJune,10,30,RT362,1,2,67,87,86,67,,,,,,,76.75,767500.000,76.750,
5/29/2019,MayJune,10,30,RT362,2,2,55,48,78,57,,,,,,,59.5,595000.000,59.500,
5/29/2019,MayJune,10,30,RT362,3,2,61,62,77,53,,,,,,,63.25,632500.000,63.250,
5/29/2019,MayJune,10,30,RT362,4,2,82,51,55,47,,,,,,,58.75,587500.000,58.750,
5/29/2019,MayJune,10,32,CCMP2464,1,0,7,7,4,8,,,,,,,6.5,7222.222,0.722,
5/29/2019,MayJune,10,32,CCMP2464,2,0,5,4,4,12,,,,,,,6.25,6944.444,0.694,
5/29/2019,MayJune,10,32,CCMP2464,3,0,1,0,0,4,,,,,,,1.25,1388.889,0.139,
5/29/2019,MayJune,10,32,CCMP2464,4,0,7,5,4,4,,,,,,,5,5555.556,0.556,
5/29/2019,MayJune,10,32,KB8,1,0,92,84,86,150,,,,,,,103,114444.444,11.444,
5/29/2019,MayJune,10,32,KB8,2,0,99,178,153,125,,,,,,,138.75,154166.667,15.417,
5/29/2019,MayJune,10,32,KB8,3,0,102,96,103,111,,,,,,,103,114444.444,11.444,
5/29/2019,MayJune,10,32,KB8,4,0,59,63,50,54,,,,,,,56.5,62777.778,6.278,
5/29/2019,MayJune,10,32,CCMP2458,1,2,30,28,34,87,,,,,,,44.75,447500.000,44.750,
5/29/2019,MayJune,10,32,CCMP2458,2,2,36,33,37,47,,,,,,,38.25,382500.000,38.250,
5/29/2019,MayJune,10,32,CCMP2458,3,2,36,38,27,23,,,,,,,31,310000.000,31.000,
5/29/2019,MayJune,10,32,CCMP2458,4,2,21,28,52,25,,,,,,,31.5,315000.000,31.500,
5/29/2019,MayJune,10,32,FLCass,1,1,93,94,71,89,,,,,,,86.75,216875.000,21.688,
5/29/2019,MayJune,10,32,FLCass,2,1,83,108,103,79,,,,,,,93.25,233125.000,23.313,
5/29/2019,MayJune,10,32,FLCass,3,1,104,105,113,120,,,,,,,110.5,276250.000,27.625,
5/29/2019,MayJune,10,32,FLCass,4,1,60,63,69,36,,,,,,,57,142500.000,14.250,
5/29/2019,MayJune,10,32,RT362,1,2,34,35,37,42,,,,,,,37,370000.000,37.000,
5/29/2019,MayJune,10,32,RT362,2,2,41,49,51,50,,,,,,,47.75,477500.000,47.750,
5/29/2019,MayJune,10,32,RT362,3,2,52,50,35,43,,,,,,,45,450000.000,45.000,
5/29/2019,MayJune,10,32,RT362,4,2,41,44,53,27,,,,,,,41.25,412500.000,41.250,
5/31/2019,MayJune,12,26,KB8,1,2,63,75,43,38,,,,,,,54.75,547500.000,54.750,
5/31/2019,MayJune,12,26,KB8,2,2,70,50,41,58,,,,,,,54.75,547500.000,54.750,
5/31/2019,MayJune,12,26,KB8,3,2,34,51,24,48,,,,,,,39.25,392500.000,39.250,
5/31/2019,MayJune,12,26,KB8,4,2,45,41,37,40,,,,,,,40.75,407500.000,40.750,
5/31/2019,MayJune,12,26,CCMP2458,1,2,67,62,84,49,,,,,,,65.5,655000.000,65.500,
5/31/2019,MayJune,12,26,CCMP2458,2,2,75,50,85,86,,,,,,,74,740000.000,74.000,
5/31/2019,MayJune,12,26,CCMP2458,3,2,67,52,76,102,,,,,,,74.25,742500.000,74.250,
5/31/2019,MayJune,12,26,CCMP2458,4,2,77,56,68,53,,,,,,,63.5,635000.000,63.500,
5/31/2019,MayJune,12,26,FLCass,1,2,55,24,49,54,,,,,,,45.5,455000.000,45.500,
5/31/2019,MayJune,12,26,FLCass,2,2,47,43,42,28,,,,,,,40,400000.000,40.000,
5/31/2019,MayJune,12,26,FLCass,3,2,43,32,69,31,,,,,,,43.75,437500.000,43.750,
5/31/2019,MayJune,12,26,FLCass,4,2,45,59,42,88,,,,,,,58.5,585000.000,58.500,
5/31/2019,MayJune,12,26,CCMP2464,1,0,10,5,9,7,,,,,,,7.75,8611.111,0.861,
5/31/2019,MayJune,12,26,CCMP2464,2,0,16,12,12,8,,,,,,,12,13333.333,1.333,
5/31/2019,MayJune,12,26,CCMP2464,3,0,14,4,11,4,,,,,,,8.25,9166.667,0.917,
5/31/2019,MayJune,12,26,CCMP2464,4,0,13,11,12,9,,,,,,,11.25,12500.000,1.250,
5/31/2019,MayJune,12,26,RT362,1,2,61,68,98,94,,,,,,,80.25,802500.000,80.250,
5/31/2019,MayJune,12,26,RT362,2,2,101,75,110,79,,,,,,,91.25,912500.000,91.250,
5/31/2019,MayJune,12,26,RT362,3,2,102,76,85,109,,,,,,,93,930000.000,93.000,
5/31/2019,MayJune,12,26,RT362,4,2,85,98,92,77,,,,,,,88,880000.000,88.000,
5/31/2019,MayJune,12,30,KB8,1,2,103,93,90,98,,,,,,,96,960000.000,96.000,
5/31/2019,MayJune,12,30,KB8,2,2,101,85,94,76,,,,,,,89,890000.000,89.000,
5/31/2019,MayJune,12,30,KB8,3,2,93,97,111,107,,,,,,,102,1020000.000,102.000,
5/31/2019,MayJune,12,30,KB8,4,2,55,83,135,111,,,,,,,96,960000.000,96.000,
5/31/2019,MayJune,12,30,FLCass,1,2,93,62,83,89,,,,,,,81.75,817500.000,81.750,
5/31/2019,MayJune,12,30,FLCass,2,2,77,79,94,85,,,,,,,83.75,837500.000,83.750,
5/31/2019,MayJune,12,30,FLCass,3,2,60,36,62,60,,,,,,,54.5,545000.000,54.500,
5/31/2019,MayJune,12,30,FLCass,4,2,67,90,68,97,,,,,,,80.5,805000.000,80.500,
5/31/2019,MayJune,12,30,CCMP2464,1,0,6,8,7,9,,,,,,,7.5,8333.333,0.833,
5/31/2019,MayJune,12,30,CCMP2464,2,0,5,9,10,10,,,,,,,8.5,9444.444,0.944,
5/31/2019,MayJune,12,30,CCMP2464,3,0,5,1,4,4,,,,,,,3.5,3888.889,0.389,
5/31/2019,MayJune,12,30,CCMP2464,4,0,5,3,9,5,,,,,,,5.5,6111.111,0.611,
5/31/2019,MayJune,12,30,RT362,1,2,67,66,70,79,,,,,,,70.5,705000.000,70.500,
5/31/2019,MayJune,12,30,RT362,2,2,86,77,80,86,,,,,,,82.25,822500.000,82.250,
5/31/2019,MayJune,12,30,RT362,3,2,71,69,84,66,,,,,,,72.5,725000.000,72.500,
5/31/2019,MayJune,12,30,RT362,4,2,67,67,83,76,,,,,,,73.25,732500.000,73.250,
5/31/2019,MayJune,12,30,CCMP2458,1,2,118,91,140,111,,,,,,,115,1150000.000,115.000,
5/31/2019,MayJune,12,30,CCMP2458,2,2,76,124,63,84,,,,,,,86.75,867500.000,86.750,
5/31/2019,MayJune,12,30,CCMP2458,3,2,73,89,91,98,,,,,,,87.75,877500.000,87.750,
5/31/2019,MayJune,12,30,CCMP2458,4,2,90,87,90,90,,,,,,,89.25,892500.000,89.250,
5/31/2019,MayJune,12,32,KB8,1,1,56,81,71,93,,,,,,,75.25,188125.000,18.813,
5/31/2019,MayJune,12,32,KB8,2,1,104,107,107,115,,,,,,,108.25,270625.000,27.063,
5/31/2019,MayJune,12,32,KB8,3,1,85,90,85,71,,,,,,,82.75,206875.000,20.688,
5/31/2019,MayJune,12,32,KB8,4,1,38,115,111,84,,,,,,,87,217500.000,21.750,
5/31/2019,MayJune,12,32,CCMP2458,1,2,55,34,49,57,,,,,,,48.75,487500.000,48.750,
5/31/2019,MayJune,12,32,CCMP2458,2,2,59,44,30,61,,,,,,,48.5,485000.000,48.500,
5/31/2019,MayJune,12,32,CCMP2458,3,2,46,46,35,42,,,,,,,42.25,422500.000,42.250,
5/31/2019,MayJune,12,32,CCMP2458,4,2,48,47,39,64,,,,,,,49.5,495000.000,49.500,
5/31/2019,MayJune,12,32,CCMP2464,1,0,11,8,10,9,,,,,,,9.5,10555.556,1.056,
5/31/2019,MayJune,12,32,CCMP2464,2,0,4,10,6,7,,,,,,,6.75,7500.000,0.750,
5/31/2019,MayJune,12,32,CCMP2464,3,0,3,3,5,3,,,,,,,3.5,3888.889,0.389,
5/31/2019,MayJune,12,32,CCMP2464,4,0,13,8,7,9,,,,,,,9.25,10277.778,1.028,
5/31/2019,MayJune,12,32,RT362,1,2,27,49,61,57,,,,,,,48.5,485000.000,48.500,
5/31/2019,MayJune,12,32,RT362,2,2,64,44,86,49,,,,,,,60.75,607500.000,60.750,
5/31/2019,MayJune,12,32,RT362,3,2,62,70,62,64,,,,,,,64.5,645000.000,64.500,
5/31/2019,MayJune,12,32,RT362,4,2,64,78,59,64,,,,,,,66.25,662500.000,66.250,
5/31/2019,MayJune,12,32,FLCass,1,2,29,28,30,35,,,,,,,30.5,305000.000,30.500,
5/31/2019,MayJune,12,32,FLCass,2,1,117,93,135,117,,,,,,,115.5,288750.000,28.875,
5/31/2019,MayJune,12,32,FLCass,3,2,44,38,39,41,,,,,,,40.5,405000.000,40.500,
5/31/2019,MayJune,12,32,FLCass,4,1,101,80,146,128,,,,,,,113.75,284375.000,28.438,
6/3/2019,MayJune,15,26,RT362,1,2,68,101,96,59,,,,,,,81,810000.000,81.000,
6/3/2019,MayJune,15,26,RT362,2,2,77,111,115,96,,,,,,,99.75,997500.000,99.750,
6/3/2019,MayJune,15,26,RT362,3,2,97,67,111,110,,,,,,,96.25,962500.000,96.250,
6/3/2019,MayJune,15,26,RT362,4,2,74,89,134,115,,,,,,,103,1030000.000,103.000,
6/3/2019,MayJune,15,26,FLCass,1,2,100,58,61,74,,,,,,,73.25,732500.000,73.250,
6/3/2019,MayJune,15,26,FLCass,2,2,75,73,63,68,,,,,,,69.75,697500.000,69.750,
6/3/2019,MayJune,15,26,FLCass,3,2,66,37,70,73,,,,,,,61.5,615000.000,61.500,
6/3/2019,MayJune,15,26,FLCass,4,2,54,83,46,55,,,,,,,59.5,595000.000,59.500,
6/3/2019,MayJune,15,26,KB8,1,2,74,81,69,79,,,,,,,75.75,757500.000,75.750,
6/3/2019,MayJune,15,26,KB8,2,2,62,64,89,57,,,,,,,68,680000.000,68.000,
6/3/2019,MayJune,15,26,KB8,3,2,52,46,64,40,,,,,,,50.5,505000.000,50.500,
6/3/2019,MayJune,15,26,KB8,4,2,54,53,66,44,,,,,,,54.25,542500.000,54.250,
6/3/2019,MayJune,15,26,CCMP2458,1,2,108,116,125,109,,,,,,,114.5,1145000.000,114.500,
6/3/2019,MayJune,15,26,CCMP2458,2,2,93,81,105,111,,,,,,,97.5,975000.000,97.500,
6/3/2019,MayJune,15,26,CCMP2458,3,2,103,101,107,99,,,,,,,102.5,1025000.000,102.500,
6/3/2019,MayJune,15,26,CCMP2458,4,2,110,151,101,91,,,,,,,113.25,1132500.000,113.250,
6/3/2019,MayJune,15,26,CCMP2464,1,0,11,6,4,11,,,,,,,8,8888.889,0.889,
6/3/2019,MayJune,15,26,CCMP2464,2,0,4,8,7,10,,,,,,,7.25,8055.556,0.806,
6/3/2019,MayJune,15,26,CCMP2464,3,0,13,4,8,8,,,,,,,8.25,9166.667,0.917,
6/3/2019,MayJune,15,26,CCMP2464,4,0,8,9,15,5,,,,,,,9.25,10277.778,1.028,
6/3/2019,MayJune,15,30,FLCass,1,2,102,126,115,121,,,,,,,116,1160000.000,116.000,
6/3/2019,MayJune,15,30,FLCass,2,2,124,103,106,103,,,,,,,109,1090000.000,109.000,
6/3/2019,MayJune,15,30,FLCass,3,2,110,112,100,120,,,,,,,110.5,1105000.000,110.500,
6/3/2019,MayJune,15,30,FLCass,4,2,108,114,125,144,,,,,,,122.75,1227500.000,122.750,
6/3/2019,MayJune,15,30,KB8,1,2,142,107,116,154,,,,,,,129.75,1297500.000,129.750,
6/3/2019,MayJune,15,30,KB8,2,2,111,102,107,106,,,,,,,106.5,1065000.000,106.500,
6/3/2019,MayJune,15,30,KB8,3,2,109,141,120,120,,,,,,,122.5,1225000.000,122.500,
6/3/2019,MayJune,15,30,KB8,4,2,119,115,95,118,,,,,,,111.75,1117500.000,111.750,
6/3/2019,MayJune,15,30,RT362,1,2,127,127,101,116,,,,,,,117.75,1177500.000,117.750,
6/3/2019,MayJune,15,30,RT362,2,2,117,100,130,86,,,,,,,108.25,1082500.000,108.250,
6/3/2019,MayJune,15,30,RT362,3,2,120,112,102,112,,,,,,,111.5,1115000.000,111.500,
6/3/2019,MayJune,15,30,RT362,4,2,110,110,117,121,,,,,,,114.5,1145000.000,114.500,
6/3/2019,MayJune,15,30,CCMP2464,1,0,9,6,8,7,,,,,,,7.5,8333.333,0.833,
6/3/2019,MayJune,15,30,CCMP2464,2,0,13,13,11,11,,,,,,,12,13333.333,1.333,
6/3/2019,MayJune,15,30,CCMP2464,3,0,8,11,5,5,,,,,,,7.25,8055.556,0.806,
6/3/2019,MayJune,15,30,CCMP2464,4,0,7,10,5,8,,,,,,,7.5,8333.333,0.833,
6/3/2019,MayJune,15,30,CCMP2458,1,2,107,110,101,108,,,,,,,106.5,1065000.000,106.500,
6/3/2019,MayJune,15,30,CCMP2458,2,2,86,105,123,101,,,,,,,103.75,1037500.000,103.750,
6/3/2019,MayJune,15,30,CCMP2458,3,2,133,97,115,141,,,,,,,121.5,1215000.000,121.500,
6/3/2019,MayJune,15,30,CCMP2458,4,2,103,95,146,130,,,,,,,118.5,1185000.000,118.500,
6/3/2019,MayJune,15,32,CCMP2464,1,0,10,14,14,16,,,,,,,13.5,15000.000,1.500,
6/3/2019,MayJune,15,32,CCMP2464,2,0,6,6,6,4,,,,,,,5.5,6111.111,0.611,
6/3/2019,MayJune,15,32,CCMP2464,3,0,1,2,1,0,,,,,,,1,1111.111,0.111,
6/3/2019,MayJune,15,32,CCMP2464,4,0,11,11,8,12,,,,,,,10.5,11666.667,1.167,
6/3/2019,MayJune,15,32,KB8,1,2,38,38,40,49,,,,,,,41.25,412500.000,41.250,
6/3/2019,MayJune,15,32,KB8,2,2,53,27,43,61,,,,,,,46,460000.000,46.000,
6/3/2019,MayJune,15,32,KB8,3,2,26,38,28,22,,,,,,,28.5,285000.000,28.500,
6/3/2019,MayJune,15,32,KB8,4,1,61,44,83,76,,,,,,,66,165000.000,16.500,
6/3/2019,MayJune,15,32,RT362,1,2,91,82,77,102,,,,,,,88,880000.000,88.000,
6/3/2019,MayJune,15,32,RT362,2,2,114,89,119,160,,,,,,,120.5,1205000.000,120.500,
6/3/2019,MayJune,15,32,RT362,3,2,104,84,122,104,,,,,,,103.5,1035000.000,103.500,
6/3/2019,MayJune,15,32,RT362,4,2,107,105,72,85,,,,,,,92.25,922500.000,92.250,
6/3/2019,MayJune,15,32,FLCass,1,1,133,166,167,166,,,,,,,158,395000.000,39.500,
6/3/2019,MayJune,15,32,FLCass,2,2,44,44,33,33,,,,,,,38.5,385000.000,38.500,
6/3/2019,MayJune,15,32,FLCass,3,2,75,44,42,69,,,,,,,57.5,575000.000,57.500,
6/3/2019,MayJune,15,32,FLCass,4,2,44,31,47,26,,,,,,,37,370000.000,37.000,
6/3/2019,MayJune,15,32,CCMP2458,1,2,68,56,59,61,,,,,,,61,610000.000,61.000,
6/3/2019,MayJune,15,32,CCMP2458,2,2,53,67,63,52,,,,,,,58.75,587500.000,58.750,
6/3/2019,MayJune,15,32,CCMP2458,3,2,62,50,58,72,,,,,,,60.5,605000.000,60.500,
6/3/2019,MayJune,15,32,CCMP2458,4,2,64,71,63,90,,,,,,,72,720000.000,72.000,
6/5/2019,MayJune,17,26,CCMP2464,1,0,7,7,7,11,,,,,,,8,8888.889,0.889,
6/5/2019,MayJune,17,26,CCMP2464,2,0,4,6,4,10,,,,,,,6,6666.667,0.667,
6/5/2019,MayJune,17,26,CCMP2464,3,0,10,3,9,12,,,,,,,8.5,9444.444,0.944,
6/5/2019,MayJune,17,26,CCMP2464,4,0,11,11,7,10,,,,,,,9.75,10833.333,1.083,
6/5/2019,MayJune,17,26,FLCass,1,2,74,60,114,133,,,,,,,95.25,952500.000,95.250,
6/5/2019,MayJune,17,26,FLCass,2,2,58,107,80,92,,,,,,,84.25,842500.000,84.250,
6/5/2019,MayJune,17,26,FLCass,3,2,105,120,91,84,,,,,,,100,1000000.000,100.000,
6/5/2019,MayJune,17,26,FLCass,4,2,102,75,53,109,,,,,,,84.75,847500.000,84.750,
6/5/2019,MayJune,17,26,KB8,1,2,71,90,86,84,,,,,,,82.75,827500.000,82.750,
6/5/2019,MayJune,17,26,KB8,2,2,73,48,70,72,,,,,,,65.75,657500.000,65.750,
6/5/2019,MayJune,17,26,KB8,3,2,49,47,46,36,,,,,,,44.5,445000.000,44.500,
6/5/2019,MayJune,17,26,KB8,4,2,53,43,58,62,,,,,,,54,540000.000,54.000,
6/5/2019,MayJune,17,26,CCMP2458,1,2,106,80,91,99,,,,,,,94,940000.000,94.000,
6/5/2019,MayJune,17,26,CCMP2458,2,2,98,114,96,79,,,,,,,96.75,967500.000,96.750,
6/5/2019,MayJune,17,26,CCMP2458,3,2,76,81,100,84,,,,,,,85.25,852500.000,85.250,
6/5/2019,MayJune,17,26,CCMP2458,4,2,79,103,88,101,,,,,,,92.75,927500.000,92.750,
6/5/2019,MayJune,17,26,RT362,1,2,88,97,102,106,,,,,,,98.25,982500.000,98.250,
6/5/2019,MayJune,17,26,RT362,2,2,101,79,96,105,,,,,,,95.25,952500.000,95.250,
6/5/2019,MayJune,17,26,RT362,3,2,94,114,97,94,,,,,,,99.75,997500.000,99.750,
6/5/2019,MayJune,17,26,RT362,4,2,101,67,103,107,,,,,,,94.5,945000.000,94.500,
6/5/2019,MayJune,17,30,FLCass,1,2,61,66,69,80,,,,,,,69,690000.000,69.000,
6/5/2019,MayJune,17,30,FLCass,2,2,86,81,77,75,,,,,,,79.75,797500.000,79.750,
6/5/2019,MayJune,17,30,FLCass,3,2,75,92,82,95,,,,,,,86,860000.000,86.000,
6/5/2019,MayJune,17,30,FLCass,4,2,73,84,64,84,,,,,,,76.25,762500.000,76.250,
6/5/2019,MayJune,17,30,CCMP2458,1,2,119,109,124,115,,,,,,,116.75,1167500.000,116.750,
6/5/2019,MayJune,17,30,CCMP2458,2,2,149,118,134,120,,,,,,,130.25,1302500.000,130.250,
6/5/2019,MayJune,17,30,CCMP2458,3,2,120,131,130,116,,,,,,,124.25,1242500.000,124.250,
6/5/2019,MayJune,17,30,CCMP2458,4,2,113,116,97,126,,,,,,,113,1130000.000,113.000,
6/5/2019,MayJune,17,30,CCMP2464,1,0,15,13,14,19,,,,,,,15.25,16944.444,1.694,
6/5/2019,MayJune,17,30,CCMP2464,2,0,11,12,10,15,,,,,,,12,13333.333,1.333,
6/5/2019,MayJune,17,30,CCMP2464,3,0,8,3,10,16,,,,,,,9.25,10277.778,1.028,
6/5/2019,MayJune,17,30,CCMP2464,4,0,9,10,4,18,,,,,,,10.25,11388.889,1.139,
6/5/2019,MayJune,17,30,KB8,1,2,129,141,161,133,,,,,,,141,1410000.000,141.000,
6/5/2019,MayJune,17,30,KB8,2,2,117,106,140,168,,,,,,,132.75,1327500.000,132.750,
6/5/2019,MayJune,17,30,KB8,3,2,150,140,155,160,,,,,,,151.25,1512500.000,151.250,
6/5/2019,MayJune,17,30,KB8,4,2,112,124,126,137,,,,,,,124.75,1247500.000,124.750,
6/5/2019,MayJune,17,30,RT362,1,2,173,147,156,138,,,,,,,153.5,1535000.000,153.500,
6/5/2019,MayJune,17,30,RT362,2,2,162,111,139,215,,,,,,,156.75,1567500.000,156.750,
6/5/2019,MayJune,17,30,RT362,3,2,172,146,182,167,,,,,,,166.75,1667500.000,166.750,
6/5/2019,MayJune,17,30,RT362,4,2,135,158,152,173,,,,,,,154.5,1545000.000,154.500,
6/5/2019,MayJune,17,32,FLCass,1,2,45,45,40,45,,,,,,,43.75,437500.000,43.750,
6/5/2019,MayJune,17,32,FLCass,2,2,61,64,34,32,,,,,,,47.75,477500.000,47.750,
6/5/2019,MayJune,17,32,FLCass,3,2,65,82,65,69,,,,,,,70.25,702500.000,70.250,
6/5/2019,MayJune,17,32,FLCass,4,2,65,59,58,55,,,,,,,59.25,592500.000,59.250,
6/5/2019,MayJune,17,32,CCMP2458,1,2,58,55,62,74,,,,,,,62.25,622500.000,62.250,
6/5/2019,MayJune,17,32,CCMP2458,2,2,79,67,64,64,,,,,,,68.5,685000.000,68.500,
6/5/2019,MayJune,17,32,CCMP2458,3,2,85,92,95,75,,,,,,,86.75,867500.000,86.750,
6/5/2019,MayJune,17,32,CCMP2458,4,2,67,63,109,93,,,,,,,83,830000.000,83.000,
6/5/2019,MayJune,17,32,CCMP2464,1,0,11,7,12,4,,,,,,,8.5,9444.444,0.944,
6/5/2019,MayJune,17,32,CCMP2464,2,0,6,6,6,4,,,,,,,5.5,6111.111,0.611,
6/5/2019,MayJune,17,32,CCMP2464,3,0,2,1,3,2,,,,,,,2,2222.222,0.222,
6/5/2019,MayJune,17,32,CCMP2464,4,0,8,7,13,6,,,,,,,8.5,9444.444,0.944,
6/5/2019,MayJune,17,32,KB8,1,2,43,43,52,52,,,,,,,47.5,475000.000,47.500,
6/5/2019,MayJune,17,32,KB8,2,2,49,46,48,58,,,,,,,50.25,502500.000,50.250,
6/5/2019,MayJune,17,32,KB8,3,2,45,21,35,48,,,,,,,37.25,372500.000,37.250,
6/5/2019,MayJune,17,32,KB8,4,1,90,90,120,100,,,,,,,100,250000.000,25.000,
6/5/2019,MayJune,17,32,RT362,1,2,79,78,97,70,,,,,,,81,810000.000,81.000,
6/5/2019,MayJune,17,32,RT362,2,2,105,84,96,76,,,,,,,90.25,902500.000,90.250,
6/5/2019,MayJune,17,32,RT362,3,2,121,88,94,78,,,,,,,95.25,952500.000,95.250,
6/5/2019,MayJune,17,32,RT362,4,2,95,95,75,114,,,,,,,94.75,947500.000,94.750,
6/7/2019,MayJune,19,26,CCMP2458,1,2,172,155,162,140,,,,,,,157.25,1572500.000,157.250,
6/7/2019,MayJune,19,26,CCMP2458,2,2,159,155,126,138,,,,,,,144.5,1445000.000,144.500,
6/7/2019,MayJune,19,26,CCMP2458,3,2,154,109,153,130,,,,,,,136.5,1365000.000,136.500,
6/7/2019,MayJune,19,26,CCMP2458,4,2,102,153,91,122,,,,,,,117,1170000.000,117.000,
6/7/2019,MayJune,19,26,RT362,1,2,196,151,233,157,,,,,,,184.25,1842500.000,184.250,
6/7/2019,MayJune,19,26,RT362,2,2,128,168,156,157,,,,,,,152.25,1522500.000,152.250,
6/7/2019,MayJune,19,26,RT362,3,2,118,148,147,136,,,,,,,137.25,1372500.000,137.250,
6/7/2019,MayJune,19,26,RT362,4,2,117,105,148,132,,,,,,,125.5,1255000.000,125.500,
6/7/2019,MayJune,19,26,CCMP2464,1,0,8,5,13,2,,,,,,,7,7777.778,0.778,
6/7/2019,MayJune,19,26,CCMP2464,2,0,10,5,1,7,,,,,,,5.75,6388.889,0.639,
6/7/2019,MayJune,19,26,CCMP2464,3,0,6,7,9,9,,,,,,,7.75,8611.111,0.861,
6/7/2019,MayJune,19,26,CCMP2464,4,0,10,12,8,9,,,,,,,9.75,10833.333,1.083,
6/7/2019,MayJune,19,26,FLCass,1,2,79,54,63,35,,,,,,,57.75,577500.000,57.750,
6/7/2019,MayJune,19,26,FLCass,2,2,65,53,62,67,,,,,,,61.75,617500.000,61.750,
6/7/2019,MayJune,19,26,FLCass,3,2,62,40,60,81,,,,,,,60.75,607500.000,60.750,
6/7/2019,MayJune,19,26,FLCass,4,2,48,51,47,67,,,,,,,53.25,532500.000,53.250,
6/7/2019,MayJune,19,26,KB8,1,2,66,76,80,81,,,,,,,75.75,757500.000,75.750,
6/7/2019,MayJune,19,26,KB8,2,2,85,107,64,92,,,,,,,87,870000.000,87.000,
6/7/2019,MayJune,19,26,KB8,3,2,59,58,43,59,,,,,,,54.75,547500.000,54.750,
6/7/2019,MayJune,19,26,KB8,4,2,63,64,59,60,,,,,,,61.5,615000.000,61.500,
6/7/2019,MayJune,19,30,CCMP2458,1,2,143,210,125,175,,,,,,,163.25,1632500.000,163.250,
6/7/2019,MayJune,19,30,CCMP2458,2,2,163,158,178,138,,,,,,,159.25,1592500.000,159.250,
6/7/2019,MayJune,19,30,CCMP2458,3,2,196,187,185,207,,,,,,,193.75,1937500.000,193.750,
6/7/2019,MayJune,19,30,CCMP2458,4,2,159,187,177,173,,,,,,,174,1740000.000,174.000,
6/7/2019,MayJune,19,30,CCMP2464,1,0,8,7,9,9,,,,,,,8.25,9166.667,0.917,
6/7/2019,MayJune,19,30,CCMP2464,2,0,7,9,19,10,,,,,,,11.25,12500.000,1.250,
6/7/2019,MayJune,19,30,CCMP2464,3,0,2,9,6,7,,,,,,,6,6666.667,0.667,
6/7/2019,MayJune,19,30,CCMP2464,4,0,10,5,8,6,,,,,,,7.25,8055.556,0.806,
6/7/2019,MayJune,19,30,KB8,1,2,110,173,137,140,,,,,,,140,1400000.000,140.000,
6/7/2019,MayJune,19,30,KB8,2,2,132,146,132,116,,,,,,,131.5,1315000.000,131.500,
6/7/2019,MayJune,19,30,KB8,3,2,109,132,117,141,,,,,,,124.75,1247500.000,124.750,
6/7/2019,MayJune,19,30,KB8,4,2,126,123,129,142,,,,,,,130,1300000.000,130.000,
6/7/2019,MayJune,19,30,RT362,1,2,106,91,134,131,,,,,,,115.5,1155000.000,115.500,
6/7/2019,MayJune,19,30,RT362,2,2,104,96,105,114,,,,,,,104.75,1047500.000,104.750,
6/7/2019,MayJune,19,30,RT362,3,2,92,76,124,111,,,,,,,100.75,1007500.000,100.750,
6/7/2019,MayJune,19,30,RT362,4,2,89,138,111,120,,,,,,,114.5,1145000.000,114.500,
6/7/2019,MayJune,19,30,FLCass,1,2,58,65,79,59,,,,,,,65.25,652500.000,65.250,
6/7/2019,MayJune,19,30,FLCass,2,2,60,85,82,87,,,,,,,78.5,785000.000,78.500,
6/7/2019,MayJune,19,30,FLCass,3,2,78,73,69,85,,,,,,,76.25,762500.000,76.250,
6/7/2019,MayJune,19,30,FLCass,4,2,72,95,76,90,,,,,,,83.25,832500.000,83.250,
6/7/2019,MayJune,19,32,RT362,1,2,103,102,109,100,,,,,,,103.5,1035000.000,103.500,
6/7/2019,MayJune,19,32,RT362,2,2,123,108,100,91,,,,,,,105.5,1055000.000,105.500,
6/7/2019,MayJune,19,32,RT362,3,2,111,120,125,119,,,,,,,118.75,1187500.000,118.750,
6/7/2019,MayJune,19,32,RT362,4,2,109,97,97,137,,,,,,,110,1100000.000,110.000,
6/7/2019,MayJune,19,32,FLCass,1,2,128,84,76,62,,,,,,,87.5,875000.000,87.500,
6/7/2019,MayJune,19,32,FLCass,2,2,74,64,71,67,,,,,,,69,690000.000,69.000,
6/7/2019,MayJune,19,32,FLCass,3,2,76,73,75,88,,,,,,,78,780000.000,78.000,
6/7/2019,MayJune,19,32,FLCass,4,2,58,117,106,88,,,,,,,92.25,922500.000,92.250,
6/7/2019,MayJune,19,32,KB8,1,2,61,72,79,51,,,,,,,65.75,657500.000,65.750,
6/7/2019,MayJune,19,32,KB8,2,2,65,81,63,66,,,,,,,68.75,687500.000,68.750,
6/7/2019,MayJune,19,32,KB8,3,2,54,58,64,70,,,,,,,61.5,615000.000,61.500,
6/7/2019,MayJune,19,32,KB8,4,2,68,63,67,69,,,,,,,66.75,667500.000,66.750,
6/7/2019,MayJune,19,32,CCMP2458,1,2,66,47,79,76,,,,,,,67,670000.000,67.000,
6/7/2019,MayJune,19,32,CCMP2458,2,2,78,63,61,82,,,,,,,71,710000.000,71.000,
6/7/2019,MayJune,19,32,CCMP2458,3,2,64,70,87,92,,,,,,,78.25,782500.000,78.250,
6/7/2019,MayJune,19,32,CCMP2458,4,2,57,69,67,45,,,,,,,59.5,595000.000,59.500,
6/7/2019,MayJune,19,32,CCMP2464,1,0,12,7,11,16,,,,,,,11.5,12777.778,1.278,
6/7/2019,MayJune,19,32,CCMP2464,2,0,6,9,9,15,,,,,,,9.75,10833.333,1.083,
6/7/2019,MayJune,19,32,CCMP2464,3,0,11,1,1,6,,,,,,,4.75,5277.778,0.528,
6/7/2019,MayJune,19,32,CCMP2464,4,0,19,13,10,15,,,,,,,14.25,15833.333,1.583,
6/10/2019,MayJune,22,26,RT362,1,2,142,106,186,196,,,,,,,157.5,1575000.000,157.500,
6/10/2019,MayJune,22,26,RT362,2,2,106,169,173,145,,,,,,,148.25,1482500.000,148.250,
6/10/2019,MayJune,22,26,RT362,3,2,123,101,150,147,,,,,,,130.25,1302500.000,130.250,
6/10/2019,MayJune,22,26,RT362,4,2,92,130,154,97,,,,,,,118.25,1182500.000,118.250,
6/10/2019,MayJune,22,26,CCMP2458,1,2,170,187,121,196,,,,,,,168.5,1685000.000,168.500,
6/10/2019,MayJune,22,26,CCMP2458,2,2,145,135,139,141,,,,,,,140,1400000.000,140.000,
6/10/2019,MayJune,22,26,CCMP2458,3,2,166,168,160,203,,,,,,,174.25,1742500.000,174.250,
6/10/2019,MayJune,22,26,CCMP2458,4,2,129,157,143,145,,,,,,,143.5,1435000.000,143.500,
6/10/2019,MayJune,22,26,KB8,1,2,71,79,99,77,,,,,,,81.5,815000.000,81.500,
6/10/2019,MayJune,22,26,KB8,2,2,76,104,104,88,,,,,,,93,930000.000,93.000,
6/10/2019,MayJune,22,26,KB8,3,2,77,95,100,79,,,,,,,87.75,877500.000,87.750,
6/10/2019,MayJune,22,26,KB8,4,2,70,101,90,73,,,,,,,83.5,835000.000,83.500,
6/10/2019,MayJune,22,26,FLCass,1,2,32,44,92,55,,,,,,,55.75,557500.000,55.750,
6/10/2019,MayJune,22,26,FLCass,2,2,38,56,72,59,,,,,,,56.25,562500.000,56.250,
6/10/2019,MayJune,22,26,FLCass,3,2,51,76,78,58,,,,,,,65.75,657500.000,65.750,
6/10/2019,MayJune,22,26,FLCass,4,2,47,52,91,72,,,,,,,65.5,655000.000,65.500,
6/10/2019,MayJune,22,26,CCMP2464,1,0,9,5,7,6,,,,,,,6.75,7500.000,0.750,
6/10/2019,MayJune,22,26,CCMP2464,2,0,7,9,10,7,,,,,,,8.25,9166.667,0.917,
6/10/2019,MayJune,22,26,CCMP2464,3,0,8,6,9,8,,,,,,,7.75,8611.111,0.861,
6/10/2019,MayJune,22,26,CCMP2464,4,0,10,18,6,8,,,,,,,10.5,11666.667,1.167,
6/10/2019,MayJune,22,30,FLCass,1,2,96,63,84,84,,,,,,,81.75,817500.000,81.750,
6/10/2019,MayJune,22,30,FLCass,2,2,71,95,82,52,,,,,,,75,750000.000,75.000,
6/10/2019,MayJune,22,30,FLCass,3,2,55,65,109,72,,,,,,,75.25,752500.000,75.250,
6/10/2019,MayJune,22,30,FLCass,4,2,85,82,89,92,,,,,,,87,870000.000,87.000,
6/10/2019,MayJune,22,30,CCMP2458,1,2,137,163,109,145,,,,,,,138.5,1385000.000,138.500,
6/10/2019,MayJune,22,30,CCMP2458,2,2,136,115,129,166,,,,,,,136.5,1365000.000,136.500,
6/10/2019,MayJune,22,30,CCMP2458,3,2,163,109,120,138,,,,,,,132.5,1325000.000,132.500,
6/10/2019,MayJune,22,30,CCMP2458,4,2,132,82,148,145,,,,,,,126.75,1267500.000,126.750,
6/10/2019,MayJune,22,30,CCMP2464,1,0,8,7,18,16,,,,,,,12.25,13611.111,1.361,
6/10/2019,MayJune,22,30,CCMP2464,2,0,4,11,7,9,,,,,,,7.75,8611.111,0.861,
6/10/2019,MayJune,22,30,CCMP2464,3,0,3,2,10,2,,,,,,,4.25,4722.222,0.472,
6/10/2019,MayJune,22,30,CCMP2464,4,0,3,6,6,8,,,,,,,5.75,6388.889,0.639,
6/10/2019,MayJune,22,30,KB8,1,2,134,135,158,177,,,,,,,151,1510000.000,151.000,
6/10/2019,MayJune,22,30,KB8,2,2,139,142,133,144,,,,,,,139.5,1395000.000,139.500,
6/10/2019,MayJune,22,30,KB8,3,2,135,161,134,137,,,,,,,141.75,1417500.000,141.750,
6/10/2019,MayJune,22,30,KB8,4,2,154,130,141,121,,,,,,,136.5,1365000.000,136.500,
6/10/2019,MayJune,22,30,RT362,1,2,226,123,182,119,,,,,,,162.5,1625000.000,162.500,
6/10/2019,MayJune,22,30,RT362,2,2,131,156,169,166,,,,,,,155.5,1555000.000,155.500,
6/10/2019,MayJune,22,30,RT362,3,2,92,137,180,167,,,,,,,144,1440000.000,144.000,
6/10/2019,MayJune,22,30,RT362,4,2,153,160,184,136,,,,,,,158.25,1582500.000,158.250,
6/10/2019,MayJune,22,32,KB8,1,2,88,93,82,90,,,,,,,88.25,882500.000,88.250,
6/10/2019,MayJune,22,32,KB8,2,2,104,95,105,86,,,,,,,97.5,975000.000,97.500,
6/10/2019,MayJune,22,32,KB8,3,2,60,58,114,71,,,,,,,75.75,757500.000,75.750,
6/10/2019,MayJune,22,32,KB8,4,2,86,97,113,114,,,,,,,102.5,1025000.000,102.500,
6/10/2019,MayJune,22,32,RT362,1,2,131,104,113,92,,,,,,,110,1100000.000,110.000,
6/10/2019,MayJune,22,32,RT362,2,2,117,100,136,139,,,,,,,123,1230000.000,123.000,
6/10/2019,MayJune,22,32,RT362,3,2,109,140,92,120,,,,,,,115.25,1152500.000,115.250,
6/10/2019,MayJune,22,32,RT362,4,2,99,124,133,150,,,,,,,126.5,1265000.000,126.500,
6/10/2019,MayJune,22,32,CCMP2464,1,0,11,8,11,11,,,,,,,10.25,11388.889,1.139,
6/10/2019,MayJune,22,32,CCMP2464,2,0,7,5,10,8,,,,,,,7.5,8333.333,0.833,
6/10/2019,MayJune,22,32,CCMP2464,3,0,3,2,2,0,,,,,,,1.75,1944.444,0.194,
6/10/2019,MayJune,22,32,CCMP2464,4,0,5,5,7,13,,,,,,,7.5,8333.333,0.833,
6/10/2019,MayJune,22,32,FLCass,1,2,63,37,70,55,,,,,,,56.25,562500.000,56.250,
6/10/2019,MayJune,22,32,FLCass,2,2,42,37,53,64,,,,,,,49,490000.000,49.000,
6/10/2019,MayJune,22,32,FLCass,3,2,73,68,75,62,,,,,,,69.5,695000.000,69.500,
6/10/2019,MayJune,22,32,FLCass,4,2,31,73,79,63,,,,,,,61.5,615000.000,61.500,
6/10/2019,MayJune,22,32,CCMP2458,1,2,79,94,91,95,,,,,,,89.75,897500.000,89.750,
6/10/2019,MayJune,22,32,CCMP2458,2,2,64,54,77,68,,,,,,,65.75,657500.000,65.750,
6/10/2019,MayJune,22,32,CCMP2458,3,2,66,101,119,103,,,,,,,97.25,972500.000,97.250,
6/10/2019,MayJune,22,32,CCMP2458,4,2,70,85,117,77,,,,,,,87.25,872500.000,87.250,
6/12/2019,MayJune,24,26,RT362,1,2,120,108,160,144,,,,,,,133,1330000.000,133.000,
6/12/2019,MayJune,24,26,RT362,2,2,119,111,155,132,,,,,,,129.25,1292500.000,129.250,
6/12/2019,MayJune,24,26,RT362,3,2,97,139,128,132,,,,,,,124,1240000.000,124.000,
6/12/2019,MayJune,24,26,RT362,4,2,102,80,118,98,,,,,,,99.5,995000.000,99.500,
6/12/2019,MayJune,24,26,CCMP2458,1,2,138,171,154,125,,,,,,,147,1470000.000,147.000,
6/12/2019,MayJune,24,26,CCMP2458,2,2,94,102,108,143,,,,,,,111.75,1117500.000,111.750,
6/12/2019,MayJune,24,26,CCMP2458,3,2,154,133,140,160,,,,,,,146.75,1467500.000,146.750,
6/12/2019,MayJune,24,26,CCMP2458,4,2,106,82,114,138,,,,,,,110,1100000.000,110.000,
6/12/2019,MayJune,24,26,KB8,1,2,96,92,135,106,,,,,,,107.25,1072500.000,107.250,
6/12/2019,MayJune,24,26,KB8,2,2,127,114,127,130,,,,,,,124.5,1245000.000,124.500,
6/12/2019,MayJune,24,26,KB8,3,2,101,112,104,74,,,,,,,97.75,977500.000,97.750,
6/12/2019,MayJune,24,26,KB8,4,2,100,114,95,122,,,,,,,107.75,1077500.000,107.750,
6/12/2019,MayJune,24,26,FLCass,1,2,53,80,90,71,,,,,,,73.5,735000.000,73.500,
6/12/2019,MayJune,24,26,FLCass,2,2,59,39,39,65,,,,,,,50.5,505000.000,50.500,
6/12/2019,MayJune,24,26,FLCass,3,2,56,70,63,42,,,,,,,57.75,577500.000,57.750,
6/12/2019,MayJune,24,26,FLCass,4,2,63,69,59,53,,,,,,,61,610000.000,61.000,
6/12/2019,MayJune,24,26,CCMP2464,1,0,10,7,4,6,,,,,,,6.75,7500.000,0.750,
6/12/2019,MayJune,24,26,CCMP2464,2,0,4,7,6,6,,,,,,,5.75,6388.889,0.639,
6/12/2019,MayJune,24,26,CCMP2464,3,0,9,6,5,3,,,,,,,5.75,6388.889,0.639,
6/12/2019,MayJune,24,26,CCMP2464,4,0,3,8,9,4,,,,,,,6,6666.667,0.667,
6/12/2019,MayJune,24,30,FLCass,1,2,126,119,124,114,,,,,,,120.75,1207500.000,120.750,
6/12/2019,MayJune,24,30,FLCass,2,2,131,126,98,106,,,,,,,115.25,1152500.000,115.250,
6/12/2019,MayJune,24,30,FLCass,3,2,74,81,102,105,,,,,,,90.5,905000.000,90.500,
6/12/2019,MayJune,24,30,FLCass,4,2,87,102,121,169,,,,,,,119.75,1197500.000,119.750,
6/12/2019,MayJune,24,30,CCMP2458,1,2,162,167,240,180,,,,,,,187.25,1872500.000,187.250,
6/12/2019,MayJune,24,30,CCMP2458,2,2,187,172,200,172,,,,,,,182.75,1827500.000,182.750,
6/12/2019,MayJune,24,30,CCMP2458,3,2,178,192,213,141,,,,,,,181,1810000.000,181.000,
6/12/2019,MayJune,24,30,CCMP2458,4,2,178,192,251,291,,,,,,,228,2280000.000,228.000,
6/12/2019,MayJune,24,30,CCMP2464,1,0,8,11,10,9,,,,,,,9.5,10555.556,1.056,
6/12/2019,MayJune,24,30,CCMP2464,2,0,5,7,9,7,,,,,,,7,7777.778,0.778,
6/12/2019,MayJune,24,30,CCMP2464,3,0,5,3,3,5,,,,,,,4,4444.444,0.444,
6/12/2019,MayJune,24,30,CCMP2464,4,0,4,9,4,4,,,,,,,5.25,5833.333,0.583,
6/12/2019,MayJune,24,30,KB8,1,2,123,117,137,134,,,,,,,127.75,1277500.000,127.750,
6/12/2019,MayJune,24,30,KB8,2,2,110,127,125,127,,,,,,,122.25,1222500.000,122.250,
6/12/2019,MayJune,24,30,KB8,3,2,118,99,117,120,,,,,,,113.5,1135000.000,113.500,
6/12/2019,MayJune,24,30,KB8,4,2,122,109,126,145,,,,,,,125.5,1255000.000,125.500,
6/12/2019,MayJune,24,30,RT362,1,2,138,125,136,119,,,,,,,129.5,1295000.000,129.500,
6/12/2019,MayJune,24,30,RT362,2,2,115,84,109,147,,,,,,,113.75,1137500.000,113.750,
6/12/2019,MayJune,24,30,RT362,3,2,187,140,113,137,,,,,,,144.25,1442500.000,144.250,
6/12/2019,MayJune,24,30,RT362,4,2,139,117,150,146,,,,,,,138,1380000.000,138.000,
6/12/2019,MayJune,24,32,KB8,1,2,113,76,105,120,,,,,,,103.5,1035000.000,103.500,
6/12/2019,MayJune,24,32,KB8,2,2,79,95,102,114,,,,,,,97.5,975000.000,97.500,
6/12/2019,MayJune,24,32,KB8,3,2,76,92,84,107,,,,,,,89.75,897500.000,89.750,
6/12/2019,MayJune,24,32,KB8,4,2,117,95,109,105,,,,,,,106.5,1065000.000,106.500,
6/12/2019,MayJune,24,32,RT362,1,2,100,106,134,125,,,,,,,116.25,1162500.000,116.250,
6/12/2019,MayJune,24,32,RT362,2,2,126,87,148,122,,,,,,,120.75,1207500.000,120.750,
6/12/2019,MayJune,24,32,RT362,3,2,135,121,104,90,,,,,,,112.5,1125000.000,112.500,
6/12/2019,MayJune,24,32,RT362,4,2,116,158,170,118,,,,,,,140.5,1405000.000,140.500,
6/12/2019,MayJune,24,32,CCMP2464,1,0,4,5,7,9,,,,,,,6.25,6944.444,0.694,
6/12/2019,MayJune,24,32,CCMP2464,2,0,5,2,3,4,,,,,,,3.5,3888.889,0.389,
6/12/2019,MayJune,24,32,CCMP2464,3,0,1,1,2,2,,,,,,,1.5,1666.667,0.167,
6/12/2019,MayJune,24,32,CCMP2464,4,0,7,4,5,9,,,,,,,6.25,6944.444,0.694,
6/12/2019,MayJune,24,32,FLCass,1,2,45,103,82,76,,,,,,,76.5,765000.000,76.500,
6/12/2019,MayJune,24,32,FLCass,2,2,63,58,87,82,,,,,,,72.5,725000.000,72.500,
6/12/2019,MayJune,24,32,FLCass,3,2,65,73,90,87,,,,,,,78.75,787500.000,78.750,
6/12/2019,MayJune,24,32,FLCass,4,2,75,90,100,58,,,,,,,80.75,807500.000,80.750,
6/12/2019,MayJune,24,32,CCMP2458,1,2,92,117,120,107,,,,,,,109,1090000.000,109.000,
6/12/2019,MayJune,24,32,CCMP2458,2,2,73,82,85,91,,,,,,,82.75,827500.000,82.750,
6/12/2019,MayJune,24,32,CCMP2458,3,2,92,116,135,95,,,,,,,109.5,1095000.000,109.500,
6/12/2019,MayJune,24,32,CCMP2458,4,2,100,115,103,86,,,,,,,101,1010000.000,101.000,
6/14/2019,MayJune,26,26,FLCass,1,2,114,63,85,159,,,,,,,105.25,1052500.000,105.250,
6/14/2019,MayJune,26,26,FLCass,2,2,100,83,103,133,,,,,,,104.75,1047500.000,104.750,
6/14/2019,MayJune,26,26,FLCass,3,2,53,62,131,79,,,,,,,81.25,812500.000,81.250,
6/14/2019,MayJune,26,26,FLCass,4,2,85,72,70,224,,,,,,,112.75,1127500.000,112.750,
6/14/2019,MayJune,26,26,RT362,1,2,181,148,152,150,,,,,,,157.75,1577500.000,157.750,
6/14/2019,MayJune,26,26,RT362,2,2,153,150,169,207,,,,,,,169.75,1697500.000,169.750,
6/14/2019,MayJune,26,26,RT362,3,2,170,195,171,156,,,,,,,173,1730000.000,173.000,
6/14/2019,MayJune,26,26,RT362,4,2,143,150,139,160,,,,,,,148,1480000.000,148.000,
6/14/2019,MayJune,26,26,CCMP2458,1,2,136,170,142,147,,,,,,,148.75,1487500.000,148.750,
6/14/2019,MayJune,26,26,CCMP2458,2,2,147,144,157,139,,,,,,,146.75,1467500.000,146.750,
6/14/2019,MayJune,26,26,CCMP2458,3,2,137,108,141,142,,,,,,,132,1320000.000,132.000,
6/14/2019,MayJune,26,26,CCMP2458,4,2,150,107,131,125,,,,,,,128.25,1282500.000,128.250,
6/14/2019,MayJune,26,26,KB8,1,2,104,91,132,142,,,,,,,117.25,1172500.000,117.250,
6/14/2019,MayJune,26,26,KB8,2,2,127,118,119,118,,,,,,,120.5,1205000.000,120.500,
6/14/2019,MayJune,26,26,KB8,3,2,85,115,157,148,,,,,,,126.25,1262500.000,126.250,
6/14/2019,MayJune,26,26,KB8,4,2,96,179,116,166,,,,,,,139.25,1392500.000,139.250,
6/14/2019,MayJune,26,26,CCMP2464,1,0,12,7,6,7,,,,,,,8,8888.889,0.889,
6/14/2019,MayJune,26,26,CCMP2464,2,0,9,5,7,6,,,,,,,6.75,7500.000,0.750,
6/14/2019,MayJune,26,26,CCMP2464,3,0,4,11,6,9,,,,,,,7.5,8333.333,0.833,
6/14/2019,MayJune,26,26,CCMP2464,4,0,3,2,8,9,,,,,,,5.5,6111.111,0.611,
6/14/2019,MayJune,26,30,FLCass,1,2,112,113,106,104,,,,,,,108.75,1087500.000,108.750,
6/14/2019,MayJune,26,30,FLCass,2,2,150,112,106,110,,,,,,,119.5,1195000.000,119.500,
6/14/2019,MayJune,26,30,FLCass,3,2,92,93,116,123,,,,,,,106,1060000.000,106.000,
6/14/2019,MayJune,26,30,FLCass,4,2,105,105,113,82,,,,,,,101.25,1012500.000,101.250,
6/14/2019,MayJune,26,30,RT362,1,2,176,206,166,143,,,,,,,172.75,1727500.000,172.750,
6/14/2019,MayJune,26,30,RT362,2,2,166,162,137,161,,,,,,,156.5,1565000.000,156.500,
6/14/2019,MayJune,26,30,RT362,3,2,203,208,144,175,,,,,,,182.5,1825000.000,182.500,
6/14/2019,MayJune,26,30,RT362,4,2,158,135,157,178,,,,,,,157,1570000.000,157.000,
6/14/2019,MayJune,26,30,CCMP2458,1,2,192,196,197,201,,,,,,,196.5,1965000.000,196.500,
6/14/2019,MayJune,26,30,CCMP2458,2,2,203,201,206,153,,,,,,,190.75,1907500.000,190.750,
6/14/2019,MayJune,26,30,CCMP2458,3,2,172,227,232,191,,,,,,,205.5,2055000.000,205.500,
6/14/2019,MayJune,26,30,CCMP2458,4,2,197,164,200,221,,,,,,,195.5,1955000.000,195.500,
6/14/2019,MayJune,26,30,KB8,1,2,151,117,127,151,,,,,,,136.5,1365000.000,136.500,
6/14/2019,MayJune,26,30,KB8,2,2,133,124,113,139,,,,,,,127.25,1272500.000,127.250,
6/14/2019,MayJune,26,30,KB8,3,2,134,118,120,123,,,,,,,123.75,1237500.000,123.750,
6/14/2019,MayJune,26,30,KB8,4,2,147,113,128,171,,,,,,,139.75,1397500.000,139.750,
6/14/2019,MayJune,26,30,CCMP2464,1,0,7,5,1,8,,,,,,,5.25,5833.333,0.583,
6/14/2019,MayJune,26,30,CCMP2464,2,0,8,1,5,7,,,,,,,5.25,5833.333,0.583,
6/14/2019,MayJune,26,30,CCMP2464,3,0,6,1,0,4,,,,,,,2.75,3055.556,0.306,
6/14/2019,MayJune,26,30,CCMP2464,4,0,7,3,1,2,,,,,,,3.25,3611.111,0.361,
6/14/2019,MayJune,26,32,FLCass,1,2,65,94,83,80,,,,,,,80.5,805000.000,80.500,
6/14/2019,MayJune,26,32,FLCass,2,2,82,74,100,97,,,,,,,88.25,882500.000,88.250,
6/14/2019,MayJune,26,32,FLCass,3,2,66,74,91,86,,,,,,,79.25,792500.000,79.250,
6/14/2019,MayJune,26,32,FLCass,4,2,80,102,82,95,,,,,,,89.75,897500.000,89.750,
6/14/2019,MayJune,26,32,RT362,1,2,83,71,98,106,,,,,,,89.5,895000.000,89.500,
6/14/2019,MayJune,26,32,RT362,2,2,100,112,98,93,,,,,,,100.75,1007500.000,100.750,
6/14/2019,MayJune,26,32,RT362,3,2,105,87,108,101,,,,,,,100.25,1002500.000,100.250,
6/14/2019,MayJune,26,32,RT362,4,2,113,119,106,104,,,,,,,110.5,1105000.000,110.500,
6/14/2019,MayJune,26,32,CCMP2458,1,2,140,129,128,105,,,,,,,125.5,1255000.000,125.500,
6/14/2019,MayJune,26,32,CCMP2458,2,2,94,104,127,132,,,,,,,114.25,1142500.000,114.250,
6/14/2019,MayJune,26,32,CCMP2458,3,2,135,124,147,123,,,,,,,132.25,1322500.000,132.250,
6/14/2019,MayJune,26,32,CCMP2458,4,2,123,141,162,122,,,,,,,137,1370000.000,137.000,
6/14/2019,MayJune,26,32,KB8,1,2,107,81,96,102,,,,,,,96.5,965000.000,96.500,
6/14/2019,MayJune,26,32,KB8,2,2,112,100,100,96,,,,,,,102,1020000.000,102.000,
6/14/2019,MayJune,26,32,KB8,3,2,88,85,98,131,,,,,,,100.5,1005000.000,100.500,
6/14/2019,MayJune,26,32,KB8,4,2,126,118,105,104,,,,,,,113.25,1132500.000,113.250,
6/14/2019,MayJune,26,32,CCMP2464,1,0,10,8,6,7,,,,,,,7.75,8611.111,0.861,
6/14/2019,MayJune,26,32,CCMP2464,2,0,6,5,10,9,,,,,,,7.5,8333.333,0.833,
6/14/2019,MayJune,26,32,CCMP2464,3,0,2,0,2,1,,,,,,,1.25,1388.889,0.139,
6/14/2019,MayJune,26,32,CCMP2464,4,0,7,5,7,6,,,,,,,6.25,6944.444,0.694,
7/12/2019,July,1,26,KB8,1,0,17,13,18,16,,,,,,,16,17777.778,1.778,JM
7/12/2019,July,1,26,KB8,2,0,9,10,12,10,,,,,,,10.25,11388.889,1.139,JM
7/12/2019,July,1,26,KB8,3,0,19,16,14,14,,,,,,,15.75,17500,1.75,JM
7/12/2019,July,1,26,KB8,4,0,23,12,18,15,,,,,,,17,18888.889,1.889,LG
7/12/2019,July,1,26,CCMP2458,1,0,23,28,21,32,,,,,,,26,28888.889,2.889,LG
7/12/2019,July,1,26,CCMP2458,2,0,20,12,16,21,,,,,,,17.25,19166.667,1.917,LG
7/12/2019,July,1,26,CCMP2458,3,0,16,21,22,23,,,,,,,20.5,22777.778,2.278,LG
7/12/2019,July,1,26,CCMP2458,4,0,21,21,19,16,,,,,,,19.25,21388.889,2.139,LG
7/12/2019,July,1,26,FLCass,1,,,,,,,,,,,,,,,
7/12/2019,July,1,26,FLCass,2,0,14,17,9,13,,,,,,,13.25,14722.222,1.472,LG
7/12/2019,July,1,26,FLCass,3,0,13,23,18,16,,,,,,,17.5,19444.444,1.944,LG
7/12/2019,July,1,26,FLCass,4,0,6,7,12,12,,,,,,,9.25,10277.778,1.028,LG
7/12/2019,July,1,26,RT362,1,0,46,30,46,27,,,,,,,37.25,41388.889,4.139,LG
7/12/2019,July,1,26,RT362,2,0,25,29,23,41,,,,,,,29.5,32777.778,3.278,JM
7/12/2019,July,1,26,RT362,3,0,33,25,36,29,,,,,,,30.75,34166.667,3.417,JM
7/12/2019,July,1,26,RT362,4,0,26,34,23,29,,,,,,,28,31111.111,3.111,JM
7/12/2019,July,1,26,CCMP2464,1,0,14,19,4,6,,,,,,,10.75,11944.444,1.194,LG
7/12/2019,July,1,26,CCMP2464,2,0,7,14,8,19,,,,,,,12,13333.333,1.333,LG
7/12/2019,July,1,26,CCMP2464,3,0,10,12,12,10,,,,,,,11,12222.222,1.222,LG
7/12/2019,July,1,26,CCMP2464,4,0,11,11,8,14,,,,,,,11,12222.222,1.222,LG
7/12/2019,July,1,30,KB8,1,0,23,9,20,17,,,,,,,17.25,19166.667,1.917,JM
7/12/2019,July,1,30,KB8,2,0,24,21,32,23,,,,,,,25,27777.778,2.778,JM
7/12/2019,July,1,30,KB8,3,0,18,22,23,27,,,,,,,22.5,25000,2.5,JM
7/12/2019,July,1,30,KB8,4,0,30,19,25,32,,,,,,,26.5,29444.444,2.944,JM
7/12/2019,July,1,30,CCMP2458,1,0,35,25,21,27,,,,,,,27,30000,3,LG
7/12/2019,July,1,30,CCMP2458,2,0,20,30,31,21,,,,,,,25.5,28333.333,2.833,LG
7/12/2019,July,1,30,CCMP2458,3,0,39,29,21,31,,,,,,,30,33333.333,3.333,LG
7/12/2019,July,1,30,CCMP2458,4,0,29,30,33,31,,,,,,,30.75,34166.667,3.417,LG
7/12/2019,July,1,30,FLCass,1,0,27,22,27,26,,,,,,,25.5,28333.333,2.833,LG
7/12/2019,July,1,30,FLCass,2,0,30,37,29,56,,,,,,,38,42222.222,4.222,LG
7/12/2019,July,1,30,FLCass,3,0,30,24,34,27,,,,,,,28.75,31944.444,3.194,LG
7/12/2019,July,1,30,FLCass,4,0,29,33,23,37,,,,,,,30.5,33888.889,3.389,LG
7/12/2019,July,1,30,RT362,1,0,44,55,65,51,,,,,,,53.75,59722.222,5.972,JM
7/12/2019,July,1,30,RT362,2,0,37,41,46,30,,,,,,,38.5,42777.778,4.278,JM
7/12/2019,July,1,30,RT362,3,0,35,50,41,34,,,,,,,40,44444.444,4.444,JM
7/12/2019,July,1,30,RT362,4,0,40,37,46,47,,,,,,,42.5,47222.222,4.722,JM
7/12/2019,July,1,30,CCMP2464,1,0,17,8,19,21,,,,,,,16.25,18055.556,1.806,LG
7/12/2019,July,1,30,CCMP2464,2,0,15,18,35,15,,,,,,,20.75,23055.556,2.306,LG
7/12/2019,July,1,30,CCMP2464,3,0,21,28,29,18,,,,,,,24,26666.667,2.667,LG
7/12/2019,July,1,30,CCMP2464,4,0,21,20,21,26,,,,,,,22,24444.444,2.444,LG
7/12/2019,July,1,32,KB8,1,0,18,21,26,14,,,,,,,19.75,21944.444,2.194,JM
7/12/2019,July,1,32,KB8,2,0,21,20,15,22,,,,,,,19.5,21666.667,2.167,JM
7/12/2019,July,1,32,KB8,3,0,22,21,30,19,,,,,,,23,25555.556,2.556,JM
7/12/2019,July,1,32,KB8,4,0,22,37,28,28,,,,,,,28.75,31944.444,3.194,JM
7/12/2019,July,1,32,CCMP2458,1,0,22,23,24,24,,,,,,,23.25,25833.333,2.583,LG
7/12/2019,July,1,32,CCMP2458,2,0,20,19,27,25,,,,,,,22.75,25277.778,2.528,LG
7/12/2019,July,1,32,CCMP2458,3,0,25,32,28,17,,,,,,,25.5,28333.333,2.833,LG
7/12/2019,July,1,32,CCMP2458,4,0,34,32,19,19,,,,,,,26,28888.889,2.889,LG
7/12/2019,July,1,32,FLCass,1,0,27,33,45,27,,,,,,,33,36666.667,3.667,LG
7/12/2019,July,1,32,FLCass,2,0,44,30,32,26,,,,,,,33,36666.667,3.667,LG
7/12/2019,July,1,32,FLCass,3,0,78,29,31,34,,,,,,,43,47777.778,4.778,LG
7/12/2019,July,1,32,FLCass,4,0,14,31,32,26,,,,,,,25.75,28611.111,2.861,LG
7/12/2019,July,1,32,RT362,1,0,25,30,27,29,,,,,,,27.75,30833.333,3.083,JM
7/12/2019,July,1,32,RT362,2,0,47,40,41,37,,,,,,,41.25,45833.333,4.583,JM
7/12/2019,July,1,32,RT362,3,0,29,35,34,25,,,,,,,30.75,34166.667,3.417,JM
7/12/2019,July,1,32,RT362,4,0,38,41,34,30,,,,,,,35.75,39722.222,3.972,JM
7/12/2019,July,1,32,CCMP2464,1,0,19,17,23,14,,,,,,,18.25,20277.778,2.028,LG
7/12/2019,July,1,32,CCMP2464,2,0,15,21,19,23,,,,,,,19.5,21666.667,2.167,LG
7/12/2019,July,1,32,CCMP2464,3,0,20,16,16,22,,,,,,,18.5,20555.556,2.056,LG
7/12/2019,July,1,32,CCMP2464,4,0,17,26,12,21,,,,,,,19,21111.111,2.111,LG
7/15/2019,July,4,26,KB8,1,0,69,70,65,67,,,,,,,67.75,75277.778,7.528,JM
7/15/2019,July,4,26,KB8,2,0,77,64,68,40,,,,,,,62.25,69166.667,6.917,JM
7/15/2019,July,4,26,KB8,3,0,69,35,39,53,,,,,,,49,54444.444,5.444,JM
7/15/2019,July,4,26,KB8,4,0,98,86,89,50,,,,,,,80.75,89722.222,8.972,JM
7/15/2019,July,4,26,CCMP2458,1,0,88,104,55,60,,,,,,,76.75,85277.778,8.528,LG
7/15/2019,July,4,26,CCMP2458,2,0,58,50,56,49,,,,,,,53.25,59166.667,5.917,LG
7/15/2019,July,4,26,CCMP2458,3,0,54,72,59,48,,,,,,,58.25,64722.222,6.472,LG
7/15/2019,July,4,26,CCMP2458,4,0,52,67,47,55,,,,,,,55.25,61388.889,6.139,LG
7/15/2019,July,4,26,FLCass,1,,,,,,,,,,,,,,,
7/15/2019,July,4,26,FLCass,2,0,50,58,47,43,,,,,,,49.5,55000,5.5,LG
7/15/2019,July,4,26,FLCass,3,0,38,33,54,37,,,,,,,40.5,45000,4.5,LG
7/15/2019,July,4,26,FLCass,4,0,33,33,38,38,,,,,,,35.5,39444.444,3.944,LG
7/15/2019,July,4,26,RT362,1,0,106,138,121,111,,,,,,,119,132222.222,13.222,JM
7/15/2019,July,4,26,RT362,2,0,76,78,79,77,,,,,,,77.5,86111.111,8.611,JM
7/15/2019,July,4,26,RT362,3,0,63,70,67,86,,,,,,,71.5,79444.444,7.944,JM
7/15/2019,July,4,26,RT362,4,0,97,88,95,96,,,,,,,94,104444.444,10.444,JM
7/15/2019,July,4,26,CCMP2464,1,0,58,64,53,55,,,,,,,57.5,63888.889,6.389,JM
7/15/2019,July,4,26,CCMP2464,2,0,44,46,42,67,,,,,,,49.75,55277.778,5.528,JM
7/15/2019,July,4,26,CCMP2464,3,0,48,36,35,50,,,,,,,42.25,46944.444,4.694,JM
7/15/2019,July,4,26,CCMP2464,4,0,51,51,55,43,,,,,,,50,55555.556,5.556,JM
7/15/2019,July,4,30,KB8,1,0,123,164,110,120,,,,,,,129.25,143611.111,14.361,JM
7/15/2019,July,4,30,KB8,2,0,188,161,175,177,,,,,,,175.25,194722.222,19.472,JM
7/15/2019,July,4,30,KB8,3,1,73,58,75,66,,,,,,,68,170000,17,JM
7/15/2019,July,4,30,KB8,4,1,58,64,78,78,,,,,,,69.5,173750,17.375,JM
7/15/2019,July,4,30,CCMP2458,1,1,56,45,48,32,,,,,,,45.25,113125,11.313,LG
7/15/2019,July,4,30,CCMP2458,2,1,51,49,54,51,,,,,,,51.25,128125,12.813,LG
7/15/2019,July,4,30,CCMP2458,3,1,34,39,45,53,,,,,,,42.75,106875,10.688,LG
7/15/2019,July,4,30,CCMP2458,4,1,53,57,51,52,,,,,,,53.25,133125,13.313,LG
7/15/2019,July,4,30,FLCass,1,1,51,48,37,43,,,,,,,44.75,111875,11.188,LG
7/15/2019,July,4,30,FLCass,2,1,38,52,37,36,,,,,,,40.75,101875,10.188,LG
7/15/2019,July,4,30,FLCass,3,0,77,69,105,106,,,,,,,89.25,99166.667,9.917,LG
7/15/2019,July,4,30,FLCass,4,1,44,24,48,27,,,,,,,35.75,89375,8.938,LG
7/15/2019,July,4,30,RT362,1,1,53,40,63,65,,,,,,,55.25,138125,13.813,LG
7/15/2019,July,4,30,RT362,2,0,142,137,147,129,,,,,,,138.75,154166.667,15.417,LG
7/15/2019,July,4,30,RT362,3,0,82,141,155,120,,,,,,,124.5,138333.333,13.833,LG
7/15/2019,July,4,30,RT362,4,0,98,163,145,138,,,,,,,136,151111.111,15.111,LG
7/15/2019,July,4,30,CCMP2464,1,0,109,92,95,98,,,,,,,98.5,109444.444,10.944,JM
7/15/2019,July,4,30,CCMP2464,2,0,89,98,66,79,,,,,,,83,92222.222,9.222,JM
7/15/2019,July,4,30,CCMP2464,3,0,84,86,73,89,,,,,,,83,92222.222,9.222,JM
7/15/2019,July,4,30,CCMP2464,4,0,98,92,77,116,,,,,,,95.75,106388.889,10.639,JM
7/15/2019,July,4,32,KB8,1,0,118,128,95,130,,,,,,,117.75,130833.333,13.083,JM
7/15/2019,July,4,32,KB8,2,0,106,111,105,100,,,,,,,105.5,117222.222,11.722,JM
7/15/2019,July,4,32,KB8,3,0,114,87,128,126,,,,,,,113.75,126388.889,12.639,JM
7/15/2019,July,4,32,KB8,4,0,109,136,112,120,,,,,,,119.25,132500,13.25,JM
7/15/2019,July,4,32,CCMP2458,1,0,77,80,30,33,,,,,,,55,61111.111,6.111,LG
7/15/2019,July,4,32,CCMP2458,2,0,95,105,107,68,,,,,,,93.75,104166.667,10.417,LG
7/15/2019,July,4,32,CCMP2458,3,0,84,78,97,56,,,,,,,78.75,87500,8.75,LG
7/15/2019,July,4,32,CCMP2458,4,0,59,72,62,54,,,,,,,61.75,68611.111,6.861,LG
7/15/2019,July,4,32,FLCass,1,1,54,50,24,35,,,,,,,40.75,101875,10.188,LG
7/15/2019,July,4,32,FLCass,2,0,99,83,106,47,,,,,,,83.75,93055.556,9.306,LG
7/15/2019,July,4,32,FLCass,3,0,89,100,82,92,,,,,,,90.75,100833.333,10.083,LG
7/15/2019,July,4,32,FLCass,4,0,101,73,95,76,,,,,,,86.25,95833.333,9.583,LG
7/15/2019,July,4,32,RT362,1,0,110,90,81,84,,,,,,,91.25,101388.889,10.139,LG
7/15/2019,July,4,32,RT362,2,0,114,91,89,104,,,,,,,99.5,110555.556,11.056,LG
7/15/2019,July,4,32,RT362,3,0,116,115,114,138,,,,,,,120.75,134166.667,13.417,LG
7/15/2019,July,4,32,RT362,4,0,94,96,92,97,,,,,,,94.75,105277.778,10.528,LG
7/15/2019,July,4,32,CCMP2464,1,0,79,60,70,87,,,,,,,74,82222.222,8.222,JM
7/15/2019,July,4,32,CCMP2464,2,0,85,58,77,69,,,,,,,72.25,80277.778,8.028,JM
7/15/2019,July,4,32,CCMP2464,3,0,83,116,81,88,,,,,,,92,102222.222,10.222,JM
7/15/2019,July,4,32,CCMP2464,4,0,46,64,76,80,,,,,,,66.5,73888.889,7.389,JM
7/17/2019,July,6,26,KB8,1,1,63,50,52,70,,,,,,,58.75,146875,14.688,JM
7/17/2019,July,6,26,KB8,2,0,135,104,120,106,,,,,,,116.25,129166.667,12.917,JM
7/17/2019,July,6,26,KB8,3,0,107,140,118,125,,,,,,,122.5,136111.111,13.611,JM
7/17/2019,July,6,26,KB8,4,0,139,123,155,127,,,,,,,136,151111.111,15.111,JM
7/17/2019,July,6,26,CCMP2458,1,1,70,60,77,86,,,,,,,73.25,183125,18.313,JM
7/17/2019,July,6,26,CCMP2458,2,1,81,57,52,64,,,,,,,63.5,158750,15.875,JM
7/17/2019,July,6,26,CCMP2458,3,1,68,58,72,65,,,,,,,65.75,164375,16.438,JM
7/17/2019,July,6,26,CCMP2458,4,1,65,62,75,65,,,,,,,66.75,166875,16.688,JM
7/17/2019,July,6,26,FLCass,1,,,,,,,,,,,,,,,
7/17/2019,July,6,26,FLCass,2,1,52,33,49,39,,,,,,,43.25,108125,10.813,LG
7/17/2019,July,6,26,FLCass,3,1,39,47,51,43,,,,,,,45,112500,11.25,LG
7/17/2019,July,6,26,FLCass,4,0,112,87,99,119,,,,,,,104.25,115833.333,11.583,LG
7/17/2019,July,6,26,RT362,1,1,65,75,77,52,,,,,,,67.25,168125,16.813,LG
7/17/2019,July,6,26,RT362,2,1,76,49,54,76,,,,,,,63.75,159375,15.938,LG
7/17/2019,July,6,26,RT362,3,1,57,66,53,56,,,,,,,58,145000,14.5,LG
7/17/2019,July,6,26,RT362,4,1,74,90,62,65,,,,,,,72.75,181875,18.188,LG
7/17/2019,July,6,26,CCMP2464,1,0,85,80,79,59,,,,,,,75.75,84166.667,8.417,LG
7/17/2019,July,6,26,CCMP2464,2,0,68,64,59,65,,,,,,,64,71111.111,7.111,LG
7/17/2019,July,6,26,CCMP2464,3,0,74,79,77,44,,,,,,,68.5,76111.111,7.611,LG
7/17/2019,July,6,26,CCMP2464,4,0,86,84,80,81,,,,,,,82.75,91944.444,9.194,LG
7/17/2019,July,6,30,KB8,1,2,32,57,20,46,,,,,,,38.75,387500,38.75,JM
7/17/2019,July,6,30,KB8,2,2,46,39,37,43,,,,,,,41.25,412500,41.25,JM
7/17/2019,July,6,30,KB8,3,2,34,30,26,28,,,,,,,29.5,295000,29.5,JM
7/17/2019,July,6,30,KB8,4,2,32,18,33,36,,,,,,,29.75,297500,29.75,JM
7/17/2019,July,6,30,CCMP2458,1,2,26,34,37,36,,,,,,,33.25,332500,33.25,JM
7/17/2019,July,6,30,CCMP2458,2,2,41,32,19,35,,,,,,,31.75,317500,31.75,JM
7/17/2019,July,6,30,CCMP2458,3,2,30,45,28,39,,,,,,,35.5,355000,35.5,JM
7/17/2019,July,6,30,CCMP2458,4,2,38,36,37,35,,,,,,,36.5,365000,36.5,JM
7/17/2019,July,6,30,FLCass,1,2,21,26,30,39,,,,,,,29,290000,29,LG
7/17/2019,July,6,30,FLCass,2,1,77,139,65,64,,,,,,,86.25,215625,21.563,LG
7/17/2019,July,6,30,FLCass,3,1,77,90,87,66,,,,,,,80,200000,20,LG
7/17/2019,July,6,30,FLCass,4,1,96,117,75,61,,,,,,,87.25,218125,21.813,LG
7/17/2019,July,6,30,RT362,1,1,66,70,93,92,,,,,,,80.25,200625,20.063,LG
7/17/2019,July,6,30,RT362,2,1,94,97,71,53,,,,,,,78.75,196875,19.688,LG
7/17/2019,July,6,30,RT362,3,2,29,27,26,30,,,,,,,28,280000,28,LG
7/17/2019,July,6,30,RT362,4,2,31,47,25,21,,,,,,,31,310000,31,LG
7/17/2019,July,6,30,CCMP2464,1,2,26,22,21,21,,,,,,,22.5,225000,22.5,LG
7/17/2019,July,6,30,CCMP2464,2,1,61,63,72,80,,,,,,,69,172500,17.25,LG
7/17/2019,July,6,30,CCMP2464,3,1,58,60,86,83,,,,,,,71.75,179375,17.938,LG
7/17/2019,July,6,30,CCMP2464,4,1,77,104,76,97,,,,,,,88.5,221250,22.125,LG
7/17/2019,July,6,32,KB8,1,2,29,24,21,28,,,,,,,25.5,255000,25.5,JM
7/17/2019,July,6,32,KB8,2,2,20,26,25,20,,,,,,,22.75,227500,22.75,JM
7/17/2019,July,6,32,KB8,3,2,20,28,21,20,,,,,,,22.25,222500,22.25,JM
7/17/2019,July,6,32,KB8,4,2,35,21,25,18,,,,,,,24.75,247500,24.75,JM
7/17/2019,July,6,32,CCMP2458,1,1,107,116,83,101,,,,,,,101.75,254375,25.438,JM
7/17/2019,July,6,32,CCMP2458,2,1,125,93,119,114,,,,,,,112.75,281875,28.188,JM
7/17/2019,July,6,32,CCMP2458,3,1,80,72,104,96,,,,,,,88,220000,22,JM
7/17/2019,July,6,32,CCMP2458,4,1,105,93,97,121,,,,,,,104,260000,26,JM
7/17/2019,July,6,32,FLCass,1,2,21,21,29,30,,,,,,,25.25,252500,25.25,LG
7/17/2019,July,6,32,FLCass,2,1,84,85,72,80,,,,,,,80.25,200625,20.063,LG
7/17/2019,July,6,32,FLCass,3,1,70,61,62,65,,,,,,,64.5,161250,16.125,LG
7/17/2019,July,6,32,FLCass,4,1,76,58,55,91,,,,,,,70,175000,17.5,LG
7/17/2019,July,6,32,RT362,1,1,62,80,106,107,,,,,,,88.75,221875,22.188,LG
7/17/2019,July,6,32,RT362,2,1,97,57,98,84,,,,,,,84,210000,21,LG
7/17/2019,July,6,32,RT362,3,2,20,21,28,29,,,,,,,24.5,245000,24.5,LG
7/17/2019,July,6,32,RT362,4,2,23,26,24,35,,,,,,,27,270000,27,LG
7/17/2019,July,6,32,CCMP2464,1,1,71,59,66,77,,,,,,,68.25,170625,17.063,JM
7/17/2019,July,6,32,CCMP2464,2,1,61,61,68,71,,,,,,,65.25,163125,16.313,JM
7/17/2019,July,6,32,CCMP2464,3,1,54,79,93,62,,,,,,,72,180000,18,JM
7/17/2019,July,6,32,CCMP2464,4,1,69,54,60,66,,,,,,,62.25,155625,15.563,JM
7/19/2019,July,8,26,KB8,1,2,21,29,23,20,,,,,,,23.25,232500,23.25,LG
7/19/2019,July,8,26,KB8,2,1,94,104,120,77,,,,,,,98.75,246875,24.688,LG
7/19/2019,July,8,26,KB8,3,1,78,64,84,96,,,,,,,80.5,201250,20.125,LG
7/19/2019,July,8,26,KB8,4,1,50,50,56,76,,,,,,,58,145000,14.5,LG
7/19/2019,July,8,26,CCMP2458,1,1,88,107,95,113,,,,,,,100.75,251875,25.188,JM
7/19/2019,July,8,26,CCMP2458,2,2,38,33,24,31,,,,,,,31.5,315000,31.5,JM
7/19/2019,July,8,26,CCMP2458,3,2,32,21,40,24,,,,,,,29.25,292500,29.25,JM
7/19/2019,July,8,26,CCMP2458,4,2,28,31,26,21,,,,,,,26.5,265000,26.5,JM
7/19/2019,July,8,26,FLCass,1,,,,,,,,,,,,,,,
7/19/2019,July,8,26,FLCass,2,2,35,35,27,17,,,,,,,28.5,285000,28.5,JM
7/19/2019,July,8,26,FLCass,3,2,36,39,51,23,,,,,,,37.25,372500,37.25,JM
7/19/2019,July,8,26,FLCass,4,2,33,37,33,20,,,,,,,30.75,307500,30.75,JM
7/19/2019,July,8,26,RT362,1,2,47,40,47,57,,,,,,,47.75,477500,47.75,JM
7/19/2019,July,8,26,RT362,2,2,35,40,39,33,,,,,,,36.75,367500,36.75,JM
7/19/2019,July,8,26,RT362,3,2,29,24,38,45,,,,,,,34,340000,34,JM
7/19/2019,July,8,26,RT362,4,2,38,49,45,52,,,,,,,46,460000,46,JM
7/19/2019,July,8,26,CCMP2464,1,1,85,87,63,69,,,,,,,76,190000,19,JM
7/19/2019,July,8,26,CCMP2464,2,1,91,101,106,119,,,,,,,104.25,260625,26.063,JM
7/19/2019,July,8,26,CCMP2464,3,1,74,81,100,68,,,,,,,80.75,201875,20.188,JM
7/19/2019,July,8,26,CCMP2464,4,1,86,63,86,84,,,,,,,79.75,199375,19.938,JM
7/19/2019,July,8,30,KB8,1,2,38,46,56,51,,,,,,,47.75,477500,47.75,LG
7/19/2019,July,8,30,KB8,2,2,34,43,41,47,,,,,,,41.25,412500,41.25,LG
7/19/2019,July,8,30,KB8,3,2,55,44,51,56,,,,,,,51.5,515000,51.5,LG
7/19/2019,July,8,30,KB8,4,2,45,32,40,26,,,,,,,35.75,357500,35.75,LG
7/19/2019,July,8,30,CCMP2458,1,2,45,52,37,43,,,,,,,44.25,442500,44.25,JM
7/19/2019,July,8,30,CCMP2458,2,2,55,40,44,40,,,,,,,44.75,447500,44.75,JM
7/19/2019,July,8,30,CCMP2458,3,2,54,46,38,27,,,,,,,41.25,412500,41.25,JM
7/19/2019,July,8,30,CCMP2458,4,2,55,48,66,63,,,,,,,58,580000,58,JM
7/19/2019,July,8,30,FLCass,1,2,63,36,37,45,,,,,,,45.25,452500,45.25,JM
7/19/2019,July,8,30,FLCass,2,2,45,35,54,34,,,,,,,42,420000,42,JM
7/19/2019,July,8,30,FLCass,3,2,53,36,38,45,,,,,,,43,430000,43,JM
7/19/2019,July,8,30,FLCass,4,2,35,30,42,35,,,,,,,35.5,355000,35.5,JM
7/19/2019,July,8,30,RT362,1,2,35,40,42,44,,,,,,,40.25,402500,40.25,JM
7/19/2019,July,8,30,RT362,2,2,47,54,34,36,,,,,,,42.75,427500,42.75,JM
7/19/2019,July,8,30,RT362,3,2,41,42,33,34,,,,,,,37.5,375000,37.5,JM
7/19/2019,July,8,30,RT362,4,2,44,36,63,72,,,,,,,53.75,537500,53.75,JM
7/19/2019,July,8,30,CCMP2464,1,2,41,25,33,28,,,,,,,31.75,317500,31.75,LG
7/19/2019,July,8,30,CCMP2464,2,2,26,22,28,30,,,,,,,26.5,265000,26.5,LG
7/19/2019,July,8,30,CCMP2464,3,2,21,26,28,29,,,,,,,26,260000,26,LG
7/19/2019,July,8,30,CCMP2464,4,2,32,35,26,30,,,,,,,30.75,307500,30.75,LG
7/19/2019,July,8,32,KB8,1,2,28,47,23,33,,,,,,,32.75,327500,32.75,LG
7/19/2019,July,8,32,KB8,2,2,28,26,27,21,,,,,,,25.5,255000,25.5,LG
7/19/2019,July,8,32,KB8,3,2,25,33,25,24,,,,,,,26.75,267500,26.75,LG
7/19/2019,July,8,32,KB8,4,2,40,35,46,34,,,,,,,38.75,387500,38.75,LG
7/19/2019,July,8,32,CCMP2458,1,2,29,41,34,33,,,,,,,34.25,342500,34.25,JM
7/19/2019,July,8,32,CCMP2458,2,2,48,54,34,42,,,,,,,44.5,445000,44.5,JM
7/19/2019,July,8,32,CCMP2458,3,2,50,47,30,32,,,,,,,39.75,397500,39.75,JM
7/19/2019,July,8,32,CCMP2458,4,2,35,50,51,26,,,,,,,40.5,405000,40.5,JM
7/19/2019,July,8,32,FLCass,1,2,30,35,40,35,,,,,,,35,350000,35,LG
7/19/2019,July,8,32,FLCass,2,2,25,21,27,24,,,,,,,24.25,242500,24.25,LG
7/19/2019,July,8,32,FLCass,3,2,28,21,24,25,,,,,,,24.5,245000,24.5,LG
7/19/2019,July,8,32,FLCass,4,2,31,21,20,22,,,,,,,23.5,235000,23.5,LG
7/19/2019,July,8,32,RT362,1,2,36,49,41,27,,,,,,,38.25,382500,38.25,JM
7/19/2019,July,8,32,RT362,2,2,60,38,45,41,,,,,,,46,460000,46,JM
7/19/2019,July,8,32,RT362,3,2,49,46,45,33,,,,,,,43.25,432500,43.25,JM
7/19/2019,July,8,32,RT362,4,2,43,44,63,43,,,,,,,48.25,482500,48.25,JM
7/19/2019,July,8,32,CCMP2464,1,2,20,22,28,28,,,,,,,24.5,245000,24.5,LG
7/19/2019,July,8,32,CCMP2464,2,2,22,25,29,36,,,,,,,28,280000,28,LG
7/19/2019,July,8,32,CCMP2464,3,2,23,26,24,25,,,,,,,24.5,245000,24.5,LG
7/19/2019,July,8,32,CCMP2464,4,2,33,29,20,26,,,,,,,27,270000,27,LG
7/22/2019,July,11,26,KB8,1,2,45,57,38,45,,,,,,,46.25,462500,46.25,LG
7/22/2019,July,11,26,KB8,2,2,39,36,36,44,,,,,,,38.75,387500,38.75,LG
7/22/2019,July,11,26,KB8,3,2,27,27,35,33,,,,,,,30.5,305000,30.5,LG
7/22/2019,July,11,26,KB8,4,2,41,34,28,35,,,,,,,34.5,345000,34.5,LG
7/22/2019,July,11,26,CCMP2458,1,2,31,21,28,34,,,,,,,28.5,285000,28.5,LG
7/22/2019,July,11,26,CCMP2458,2,2,44,40,38,41,,,,,,,40.75,407500,40.75,LG
7/22/2019,July,11,26,CCMP2458,3,2,37,38,28,42,,,,,,,36.25,362500,36.25,LG
7/22/2019,July,11,26,CCMP2458,4,2,41,47,36,36,,,,,,,40,400000,40,LG
7/22/2019,July,11,26,FLCass,1,2,,,,,,,,,,,,,,
7/22/2019,July,11,26,FLCass,2,2,76,79,96,74,,,,,,,81.25,812500,81.25,JM
7/22/2019,July,11,26,FLCass,3,2,43,42,75,87,,,,,,,61.75,617500,61.75,JM
7/22/2019,July,11,26,FLCass,4,2,64,66,52,56,,,,,,,59.5,595000,59.5,JM
7/22/2019,July,11,26,RT362,1,2,59,40,67,57,,,,,,,55.75,557500,55.75,JM
7/22/2019,July,11,26,RT362,2,2,102,111,57,94,,,,,,,91,910000,91,JM
7/22/2019,July,11,26,RT362,3,2,61,53,96,68,,,,,,,69.5,695000,69.5,JM
7/22/2019,July,11,26,RT362,4,2,85,59,90,83,,,,,,,79.25,792500,79.25,JM
7/22/2019,July,11,26,CCMP2464,1,2,31,55,24,28,,,,,,,34.5,345000,34.5,LG
7/22/2019,July,11,26,CCMP2464,2,2,28,27,27,36,,,,,,,29.5,295000,29.5,LG
7/22/2019,July,11,26,CCMP2464,3,2,27,31,33,21,,,,,,,28,280000,28,LG
7/22/2019,July,11,26,CCMP2464,4,2,58,23,22,27,,,,,,,32.5,325000,32.5,LG
7/22/2019,July,11,30,KB8,1,2,80,42,61,52,,,,,,,58.75,587500,58.75,LG
7/22/2019,July,11,30,KB8,2,2,63,83,44,71,,,,,,,65.25,652500,65.25,LG
7/22/2019,July,11,30,KB8,3,2,79,53,64,95,,,,,,,72.75,727500,72.75,LG
7/22/2019,July,11,30,KB8,4,2,77,74,84,68,,,,,,,75.75,757500,75.75,LG
7/22/2019,July,11,30,CCMP2458,1,2,94,76,88,57,,,,,,,78.75,787500,78.75,JM
7/22/2019,July,11,30,CCMP2458,2,2,100,74,74,84,,,,,,,83,830000,83,JM
7/22/2019,July,11,30,CCMP2458,3,2,116,91,107,58,,,,,,,93,930000,93,JM
7/22/2019,July,11,30,CCMP2458,4,2,90,65,80,98,,,,,,,83.25,832500,83.25,JM
7/22/2019,July,11,30,FLCass,1,2,71,41,62,66,,,,,,,60,600000,60,JM
7/22/2019,July,11,30,FLCass,2,2,70,41,42,92,,,,,,,61.25,612500,61.25,JM
7/22/2019,July,11,30,FLCass,3,2,95,41,59,64,,,,,,,64.75,647500,64.75,JM
7/22/2019,July,11,30,FLCass,4,2,46,54,66,93,,,,,,,64.75,647500,64.75,JM
7/22/2019,July,11,30,RT362,1,2,106,112,84,104,,,,,,,101.5,1015000,101.5,JM
7/22/2019,July,11,30,RT362,2,2,75,63,60,95,,,,,,,73.25,732500,73.25,JM
7/22/2019,July,11,30,RT362,3,2,105,108,85,103,,,,,,,100.25,1002500,100.25,JM
7/22/2019,July,11,30,RT362,4,2,88,80,116,97,,,,,,,95.25,952500,95.25,JM
7/22/2019,July,11,30,CCMP2464,1,2,54,35,60,83,,,,,,,58,580000,58,LG
7/22/2019,July,11,30,CCMP2464,2,2,80,65,58,52,,,,,,,63.75,637500,63.75,LG
7/22/2019,July,11,30,CCMP2464,3,2,38,44,69,78,,,,,,,57.25,572500,57.25,LG
7/22/2019,July,11,30,CCMP2464,4,2,62,62,78,61,,,,,,,65.75,657500,65.75,LG
7/22/2019,July,11,32,KB8,1,2,67,74,63,60,,,,,,,66,660000,66,LG
7/22/2019,July,11,32,KB8,2,2,57,43,46,51,,,,,,,49.25,492500,49.25,LG
7/22/2019,July,11,32,KB8,3,2,45,34,31,56,,,,,,,41.5,415000,41.5,LG
7/22/2019,July,11,32,KB8,4,2,63,62,69,42,,,,,,,59,590000,59,LG
7/22/2019,July,11,32,CCMP2458,1,2,62,60,60,41,,,,,,,55.75,557500,55.75,JM
7/22/2019,July,11,32,CCMP2458,2,2,94,73,67,56,,,,,,,72.5,725000,72.5,JM
7/22/2019,July,11,32,CCMP2458,3,2,64,59,50,68,,,,,,,60.25,602500,60.25,JM
7/22/2019,July,11,32,CCMP2458,4,2,80,55,85,55,,,,,,,68.75,687500,68.75,JM
7/22/2019,July,11,32,FLCass,1,2,62,51,69,47,,,,,,,57.25,572500,57.25,JM
7/22/2019,July,11,32,FLCass,2,2,57,48,57,45,,,,,,,51.75,517500,51.75,JM
7/22/2019,July,11,32,FLCass,3,2,61,39,37,72,,,,,,,52.25,522500,52.25,JM
7/22/2019,July,11,32,FLCass,4,2,58,56,57,58,,,,,,,57.25,572500,57.25,JM
7/22/2019,July,11,32,RT362,1,2,46,55,63,80,,,,,,,61,610000,61,JM
7/22/2019,July,11,32,RT362,2,2,97,94,85,43,,,,,,,79.75,797500,79.75,JM
7/22/2019,July,11,32,RT362,3,2,81,50,74,82,,,,,,,71.75,717500,71.75,JM
7/22/2019,July,11,32,RT362,4,2,123,68,74,71,,,,,,,84,840000,84,JM
7/22/2019,July,11,32,CCMP2464,1,2,51,41,54,51,,,,,,,49.25,492500,49.25,LG
7/22/2019,July,11,32,CCMP2464,2,2,36,52,43,63,,,,,,,48.5,485000,48.5,LG
7/22/2019,July,11,32,CCMP2464,3,2,44,65,52,51,,,,,,,53,530000,53,LG
7/22/2019,July,11,32,CCMP2464,4,2,39,61,49,45,,,,,,,48.5,485000,48.5,LG
7/24/2019,July,13,26,KB8,1,2,80,40,56,59,,,,,,,58.75,587500,58.75,JM
7/24/2019,July,13,26,KB8,2,2,49,66,61,69,,,,,,,61.25,612500,61.25,JM
7/24/2019,July,13,26,KB8,3,2,57,24,51,51,,,,,,,45.75,457500,45.75,JM
7/24/2019,July,13,26,KB8,4,2,50,61,67,61,,,,,,,59.75,597500,59.75,JM
7/24/2019,July,13,26,CCMP2458,1,2,44,48,40,44,,,,,,,44,440000,44,LG
7/24/2019,July,13,26,CCMP2458,2,2,62,47,29,44,,,,,,,45.5,455000,45.5,LG
7/24/2019,July,13,26,CCMP2458,3,2,49,51,44,55,,,,,,,49.75,497500,49.75,LG
7/24/2019,July,13,26,CCMP2458,4,2,61,48,76,25,,,,,,,52.5,525000,52.5,LG
7/24/2019,July,13,26,FLCass,1,2,,,,,,,,,,,,,,
7/24/2019,July,13,26,FLCass,2,2,40,33,40,49,,,,,,,40.5,405000,40.5,LG
7/24/2019,July,13,26,FLCass,3,2,29,44,37,23,,,,,,,33.25,332500,33.25,LG
7/24/2019,July,13,26,FLCass,4,2,40,36,49,28,,,,,,,38.25,382500,38.25,LG
7/24/2019,July,13,26,RT362,1,2,58,78,137,52,,,,,,,81.25,812500,81.25,JM
7/24/2019,July,13,26,RT362,2,2,74,116,92,85,,,,,,,91.75,917500,91.75,JM
7/24/2019,July,13,26,RT362,3,2,79,47,104,97,,,,,,,81.75,817500,81.75,JM
7/24/2019,July,13,26,RT362,4,2,107,90,64,66,,,,,,,81.75,817500,81.75,JM
7/24/2019,July,13,26,CCMP2464,1,2,56,71,44,87,,,,,,,64.5,645000,64.5,LG
7/24/2019,July,13,26,CCMP2464,2,2,49,38,50,50,,,,,,,46.75,467500,46.75,LG
7/24/2019,July,13,26,CCMP2464,3,2,58,43,45,37,,,,,,,45.75,457500,45.75,LG
7/24/2019,July,13,26,CCMP2464,4,2,54,61,54,61,,,,,,,57.5,575000,57.5,LG
7/24/2019,July,13,30,KB8,1,2,101,61,67,84,,,,,,,78.25,782500,78.25,JM
7/24/2019,July,13,30,KB8,2,2,69,101,84,97,,,,,,,87.75,877500,87.75,JM
7/24/2019,July,13,30,KB8,3,2,99,78,89,59,,,,,,,81.25,812500,81.25,JM
7/24/2019,July,13,30,KB8,4,2,66,102,102,76,,,,,,,86.5,865000,86.5,JM
7/24/2019,July,13,30,CCMP2458,1,2,56,47,69,73,,,,,,,61.25,612500,61.25,LG
7/24/2019,July,13,30,CCMP2458,2,2,59,56,39,48,,,,,,,50.5,505000,50.5,LG
7/24/2019,July,13,30,CCMP2458,3,2,45,50,39,55,,,,,,,47.25,472500,47.25,LG
7/24/2019,July,13,30,CCMP2458,4,2,58,52,62,55,,,,,,,56.75,567500,56.75,LG
7/24/2019,July,13,30,FLCass,1,2,53,51,57,54,,,,,,,53.75,537500,53.75,LG
7/24/2019,July,13,30,FLCass,2,2,69,44,55,84,,,,,,,63,630000,63,LG
7/24/2019,July,13,30,FLCass,3,2,67,58,78,57,,,,,,,65,650000,65,LG
7/24/2019,July,13,30,FLCass,4,2,82,79,71,63,,,,,,,73.75,737500,73.75,LG
7/24/2019,July,13,30,RT362,1,2,134,113,85,119,,,,,,,112.75,1127500,112.75,LG
7/24/2019,July,13,30,RT362,2,2,103,155,122,97,,,,,,,119.25,1192500,119.25,LG
7/24/2019,July,13,30,RT362,3,2,93,117,98,95,,,,,,,100.75,1007500,100.75,LG
7/24/2019,July,13,30,RT362,4,2,89,103,86,84,,,,,,,90.5,905000,90.5,LG
7/24/2019,July,13,30,CCMP2464,1,2,117,78,117,121,,,,,,,108.25,1082500,108.25,LG
7/24/2019,July,13,30,CCMP2464,2,2,112,96,100,114,,,,,,,105.5,1055000,105.5,LG
7/24/2019,July,13,30,CCMP2464,3,2,103,100,85,88,,,,,,,94,940000,94,LG
7/24/2019,July,13,30,CCMP2464,4,2,101,90,121,77,,,,,,,97.25,972500,97.25,LG
7/24/2019,July,13,32,KB8,1,2,68,26,85,60,,,,,,,59.75,597500,59.75,LG
7/24/2019,July,13,32,KB8,2,2,52,35,85,65,,,,,,,59.25,592500,59.25,LG
7/24/2019,July,13,32,KB8,3,2,62,61,61,42,,,,,,,56.5,565000,56.5,LG
7/24/2019,July,13,32,KB8,4,2,55,76,48,65,,,,,,,61,610000,61,LG
7/24/2019,July,13,32,CCMP2458,1,2,46,66,63,49,,,,,,,56,560000,56,LG
7/24/2019,July,13,32,CCMP2458,2,2,58,35,81,53,,,,,,,56.75,567500,56.75,LG
7/24/2019,July,13,32,CCMP2458,3,2,42,68,65,60,,,,,,,58.75,587500,58.75,LG
7/24/2019,July,13,32,CCMP2458,4,2,53,65,32,61,,,,,,,52.75,527500,52.75,LG
7/24/2019,July,13,32,FLCass,1,2,54,41,70,61,,,,,,,56.5,565000,56.5,LG
7/24/2019,July,13,32,FLCass,2,2,66,45,48,35,,,,,,,48.5,485000,48.5,LG
7/24/2019,July,13,32,FLCass,3,2,58,71,60,38,,,,,,,56.75,567500,56.75,LG
7/24/2019,July,13,32,FLCass,4,2,56,61,62,59,,,,,,,59.5,595000,59.5,LG
7/24/2019,July,13,32,RT362,1,2,70,74,57,84,,,,,,,71.25,712500,71.25,JM
7/24/2019,July,13,32,RT362,2,2,87,81,80,78,,,,,,,81.5,815000,81.5,JM
7/24/2019,July,13,32,RT362,3,2,96,83,76,115,,,,,,,92.5,925000,92.5,JM
7/24/2019,July,13,32,RT362,4,2,85,93,83,94,,,,,,,88.75,887500,88.75,JM
7/24/2019,July,13,32,CCMP2464,1,2,112,88,68,76,,,,,,,86,860000,86,JM
7/24/2019,July,13,32,CCMP2464,2,2,79,89,83,84,,,,,,,83.75,837500,83.75,JM
7/24/2019,July,13,32,CCMP2464,3,2,117,80,109,72,,,,,,,94.5,945000,94.5,JM
7/24/2019,July,13,32,CCMP2464,4,2,111,97,79,98,,,,,,,96.25,962500,96.25,JM
7/26/2019,July,15,26,KB8,1,2,53,66,80,75,,,,,,,68.5,685000,68.5,JM
7/26/2019,July,15,26,KB8,2,2,71,72,87,71,,,,,,,75.25,752500,75.25,JM
7/26/2019,July,15,26,KB8,3,2,76,70,80,65,,,,,,,72.75,727500,72.75,JM
7/26/2019,July,15,26,KB8,4,2,86,83,87,65,,,,,,,80.25,802500,80.25,JM
7/26/2019,July,15,26,CCMP2458,1,2,79,44,52,50,,,,,,,56.25,562500,56.25,LG
7/26/2019,July,15,26,CCMP2458,2,2,45,54,62,60,,,,,,,55.25,552500,55.25,LG
7/26/2019,July,15,26,CCMP2458,3,2,42,71,61,69,,,,,,,60.75,607500,60.75,LG
7/26/2019,July,15,26,CCMP2458,4,2,61,42,69,69,,,,,,,60.25,602500,60.25,LG
7/26/2019,July,15,26,FLCass,1,2,,,,,,,,,,,,,,
7/26/2019,July,15,26,FLCass,2,2,47,61,118,91,,,,,,,79.25,792500,79.25,JM
7/26/2019,July,15,26,FLCass,3,2,66,107,210,53,,,,,,,109,1090000,109,JM
7/26/2019,July,15,26,FLCass,4,2,81,56,89,64,,,,,,,72.5,725000,72.5,JM
7/26/2019,July,15,26,RT362,1,2,44,52,41,79,,,,,,,54,540000,54,LG
7/26/2019,July,15,26,RT362,2,2,80,99,67,76,,,,,,,80.5,805000,80.5,LG
7/26/2019,July,15,26,RT362,3,2,69,98,89,79,,,,,,,83.75,837500,83.75,LG
7/26/2019,July,15,26,RT362,4,2,50,72,59,62,,,,,,,60.75,607500,60.75,LG
7/26/2019,July,15,26,CCMP2464,1,2,63,62,81,88,,,,,,,73.5,735000,73.5,JM
7/26/2019,July,15,26,CCMP2464,2,2,101,61,132,70,,,,,,,91,910000,91,JM
7/26/2019,July,15,26,CCMP2464,3,2,85,66,70,60,,,,,,,70.25,702500,70.25,JM
7/26/2019,July,15,26,CCMP2464,4,2,82,73,60,58,,,,,,,68.25,682500,68.25,JM
7/26/2019,July,15,30,KB8,1,2,101,91,134,87,,,,,,,103.25,1032500,103.25,JM
7/26/2019,July,15,30,KB8,2,2,95,116,111,112,,,,,,,108.5,1085000,108.5,JM
7/26/2019,July,15,30,KB8,3,2,100,79,95,104,,,,,,,94.5,945000,94.5,JM
7/26/2019,July,15,30,KB8,4,2,94,101,99,127,,,,,,,105.25,1052500,105.25,JM
7/26/2019,July,15,30,CCMP2458,1,2,69,72,81,87,,,,,,,77.25,772500,77.25,LG
7/26/2019,July,15,30,CCMP2458,2,2,66,47,61,69,,,,,,,60.75,607500,60.75,LG
7/26/2019,July,15,30,CCMP2458,3,2,79,58,65,76,,,,,,,69.5,695000,69.5,LG
7/26/2019,July,15,30,CCMP2458,4,2,44,69,59,70,,,,,,,60.5,605000,60.5,LG
7/26/2019,July,15,30,FLCass,1,2,89,112,77,83,,,,,,,90.25,902500,90.25,JM
7/26/2019,July,15,30,FLCass,2,2,112,124,115,91,,,,,,,110.5,1105000,110.5,JM
7/26/2019,July,15,30,FLCass,3,2,106,117,137,99,,,,,,,114.75,1147500,114.75,JM
7/26/2019,July,15,30,FLCass,4,2,153,89,107,138,,,,,,,121.75,1217500,121.75,JM
7/26/2019,July,15,30,RT362,1,2,60,94,91,69,,,,,,,78.5,785000,78.5,LG
7/26/2019,July,15,30,RT362,2,2,76,103,93,84,,,,,,,89,890000,89,LG
7/26/2019,July,15,30,RT362,3,2,71,89,87,87,,,,,,,83.5,835000,83.5,LG
7/26/2019,July,15,30,RT362,4,2,82,102,78,96,,,,,,,89.5,895000,89.5,LG
7/26/2019,July,15,30,CCMP2464,1,2,165,125,118,91,,,,,,,124.75,1247500,124.75,JM
7/26/2019,July,15,30,CCMP2464,2,2,155,91,112,97,,,,,,,113.75,1137500,113.75,JM
7/26/2019,July,15,30,CCMP2464,3,2,150,114,121,133,,,,,,,129.5,1295000,129.5,JM
7/26/2019,July,15,30,CCMP2464,4,2,121,100,118,133,,,,,,,118,1180000,118,JM
7/26/2019,July,15,32,KB8,1,2,71,73,88,89,,,,,,,80.25,802500,80.25,JM
7/26/2019,July,15,32,KB8,2,2,78,91,99,77,,,,,,,86.25,862500,86.25,JM
7/26/2019,July,15,32,KB8,3,2,71,78,60,70,,,,,,,69.75,697500,69.75,JM
7/26/2019,July,15,32,KB8,4,2,71,93,69,93,,,,,,,81.5,815000,81.5,JM
7/26/2019,July,15,32,CCMP2458,1,2,61,51,57,35,,,,,,,51,510000,51,LG
7/26/2019,July,15,32,CCMP2458,2,2,42,68,51,82,,,,,,,60.75,607500,60.75,LG
7/26/2019,July,15,32,CCMP2458,3,2,57,63,73,52,,,,,,,61.25,612500,61.25,LG
7/26/2019,July,15,32,CCMP2458,4,2,53,58,48,30,,,,,,,47.25,472500,47.25,LG
7/26/2019,July,15,32,FLCass,1,2,89,85,95,85,,,,,,,88.5,885000,88.5,JM
7/26/2019,July,15,32,FLCass,2,2,107,93,80,84,,,,,,,91,910000,91,JM
7/26/2019,July,15,32,FLCass,3,2,93,76,98,59,,,,,,,81.5,815000,81.5,JM
7/26/2019,July,15,32,FLCass,4,2,75,82,70,59,,,,,,,71.5,715000,71.5,JM
7/26/2019,July,15,32,RT362,1,2,50,67,44,58,,,,,,,54.75,547500,54.75,LG
7/26/2019,July,15,32,RT362,2,2,83,45,79,83,,,,,,,72.5,725000,72.5,LG
7/26/2019,July,15,32,RT362,3,2,77,50,64,80,,,,,,,67.75,677500,67.75,LG
7/26/2019,July,15,32,RT362,4,2,96,62,88,82,,,,,,,82,820000,82,LG
7/26/2019,July,15,32,CCMP2464,1,2,76,119,109,108,,,,,,,103,1030000,103,JM
7/26/2019,July,15,32,CCMP2464,2,2,121,135,86,93,,,,,,,108.75,1087500,108.75,JM
7/26/2019,July,15,32,CCMP2464,3,2,151,75,109,113,,,,,,,112,1120000,112,JM
7/26/2019,July,15,32,CCMP2464,4,2,88,107,108,87,,,,,,,97.5,975000,97.5,JM
7/29/2019,July,18,26,KB8,1,2,86,108,111,121,,,,,,,106.5,1065000,106.5,JM
7/29/2019,July,18,26,KB8,2,2,81,105,129,116,,,,,,,107.75,1077500,107.75,JM
7/29/2019,July,18,26,KB8,3,2,70,106,84,90,,,,,,,87.5,875000,87.5,JM
7/29/2019,July,18,26,KB8,4,2,94,101,73,116,,,,,,,96,960000,96,JM
7/29/2019,July,18,26,CCMP2458,1,2,58,38,51,45,,,,,,,48,480000,48,LG
7/29/2019,July,18,26,CCMP2458,2,2,79,69,51,58,,,,,,,64.25,642500,64.25,LG
7/29/2019,July,18,26,CCMP2458,3,2,48,54,51,52,,,,,,,51.25,512500,51.25,LG
7/29/2019,July,18,26,CCMP2458,4,2,60,44,47,43,,,,,,,48.5,485000,48.5,LG
7/29/2019,July,18,26,FLCass,1,2,,,,,,,,,,,,,,
7/29/2019,July,18,26,FLCass,2,2,95,146,71,75,,,,,,,96.75,967500,96.75,JM
7/29/2019,July,18,26,FLCass,3,2,79,130,61,95,,,,,,,91.25,912500,91.25,JM
7/29/2019,July,18,26,FLCass,4,2,35,77,81,43,,,,,,,59,590000,59,JM
7/29/2019,July,18,26,RT362,1,2,85,88,136,50,,,,,,,89.75,897500,89.75,LG
7/29/2019,July,18,26,RT362,2,2,82,78,58,80,,,,,,,74.5,745000,74.5,LG
7/29/2019,July,18,26,RT362,3,2,70,62,75,48,,,,,,,63.75,637500,63.75,LG
7/29/2019,July,18,26,RT362,4,2,106,90,72,73,,,,,,,85.25,852500,85.25,LG
7/29/2019,July,18,26,CCMP2464,1,2,69,63,74,84,,,,,,,72.5,725000,72.5,LG
7/29/2019,July,18,26,CCMP2464,2,2,68,41,56,65,,,,,,,57.5,575000,57.5,LG
7/29/2019,July,18,26,CCMP2464,3,2,62,55,67,73,,,,,,,64.25,642500,64.25,LG
7/29/2019,July,18,26,CCMP2464,4,2,76,56,39,67,,,,,,,59.5,595000,59.5,LG
7/29/2019,July,18,30,KB8,1,2,123,104,117,99,,,,,,,110.75,1107500,110.75,JM
7/29/2019,July,18,30,KB8,2,2,121,118,111,101,,,,,,,112.75,1127500,112.75,JM
7/29/2019,July,18,30,KB8,3,2,120,134,122,166,,,,,,,135.5,1355000,135.5,JM
7/29/2019,July,18,30,KB8,4,2,166,130,111,126,,,,,,,133.25,1332500,133.25,JM
7/29/2019,July,18,30,CCMP2458,1,2,114,124,74,54,,,,,,,91.5,915000,91.5,LG
7/29/2019,July,18,30,CCMP2458,2,2,79,80,95,84,,,,,,,84.5,845000,84.5,LG
7/29/2019,July,18,30,CCMP2458,3,2,54,95,70,57,,,,,,,69,690000,69,LG
7/29/2019,July,18,30,CCMP2458,4,2,89,55,78,86,,,,,,,77,770000,77,LG
7/29/2019,July,18,30,FLCass,1,2,91,93,75,86,,,,,,,86.25,862500,86.25,JM
7/29/2019,July,18,30,FLCass,2,2,67,73,108,98,,,,,,,86.5,865000,86.5,JM
7/29/2019,July,18,30,FLCass,3,2,77,79,81,97,,,,,,,83.5,835000,83.5,JM
7/29/2019,July,18,30,FLCass,4,2,77,69,139,124,,,,,,,102.25,1022500,102.25,JM
7/29/2019,July,18,30,RT362,1,2,92,85,37,78,,,,,,,73,730000,73,LG
7/29/2019,July,18,30,RT362,2,2,68,84,74,77,,,,,,,75.75,757500,75.75,LG
7/29/2019,July,18,30,RT362,3,2,62,69,67,65,,,,,,,65.75,657500,65.75,LG
7/29/2019,July,18,30,RT362,4,2,86,92,72,85,,,,,,,83.75,837500,83.75,LG
7/29/2019,July,18,30,CCMP2464,1,2,95,129,64,101,,,,,,,97.25,972500,97.25,LG
7/29/2019,July,18,30,CCMP2464,2,2,133,88,151,154,,,,,,,131.5,1315000,131.5,LG
7/29/2019,July,18,30,CCMP2464,3,2,110,128,135,133,,,,,,,126.5,1265000,126.5,LG
7/29/2019,July,18,30,CCMP2464,4,2,118,115,117,144,,,,,,,123.5,1235000,123.5,LG
7/29/2019,July,18,32,KB8,1,2,107,106,138,101,,,,,,,113,1130000,113,JM
7/29/2019,July,18,32,KB8,2,2,103,89,149,128,,,,,,,117.25,1172500,117.25,JM
7/29/2019,July,18,32,KB8,3,2,129,98,94,127,,,,,,,112,1120000,112,JM
7/29/2019,July,18,32,KB8,4,2,87,87,103,104,,,,,,,95.25,952500,95.25,JM
7/29/2019,July,18,32,CCMP2458,1,2,57,56,56,72,,,,,,,60.25,602500,60.25,LG
7/29/2019,July,18,32,CCMP2458,2,2,63,75,57,52,,,,,,,61.75,617500,61.75,LG
7/29/2019,July,18,32,CCMP2458,3,2,50,63,55,71,,,,,,,59.75,597500,59.75,LG
7/29/2019,July,18,32,CCMP2458,4,2,53,62,67,46,,,,,,,57,570000,57,LG
7/29/2019,July,18,32,FLCass,1,2,57,55,76,64,,,,,,,63,630000,63,LG
7/29/2019,July,18,32,FLCass,2,2,75,62,76,57,,,,,,,67.5,675000,67.5,LG
7/29/2019,July,18,32,FLCass,3,2,61,65,51,34,,,,,,,52.75,527500,52.75,LG
7/29/2019,July,18,32,FLCass,4,2,36,40,35,41,,,,,,,38,380000,38,LG
7/29/2019,July,18,32,RT362,1,2,67,47,79,86,,,,,,,69.75,697500,69.75,LG
7/29/2019,July,18,32,RT362,2,2,60,84,67,93,,,,,,,76,760000,76,LG
7/29/2019,July,18,32,RT362,3,2,81,80,52,76,,,,,,,72.25,722500,72.25,LG
7/29/2019,July,18,32,RT362,4,2,76,66,57,81,,,,,,,70,700000,70,LG
7/29/2019,July,18,32,CCMP2464,1,2,117,136,60,110,,,,,,,105.75,1057500,105.75,LG
7/29/2019,July,18,32,CCMP2464,2,2,113,97,88,121,,,,,,,104.75,1047500,104.75,LG
7/29/2019,July,18,32,CCMP2464,3,2,142,112,119,120,,,,,,,123.25,1232500,123.25,LG
7/29/2019,July,18,32,CCMP2464,4,2,102,109,109,128,,,,,,,112,1120000,112,LG
7/31/2019,July,20,26,KB8,1,2,99,71,87,93,,,,,,,87.5,875000,87.5,LG
7/31/2019,July,20,26,KB8,2,2,70,76,77,81,,,,,,,76,760000,76,LG
7/31/2019,July,20,26,KB8,3,2,59,57,60,74,,,,,,,62.5,625000,62.5,LG
7/31/2019,July,20,26,KB8,4,2,106,76,72,83,,,,,,,84.25,842500,84.25,LG
7/31/2019,July,20,26,CCMP2458,1,2,100,72,109,104,,,,,,,96.25,962500,96.25,JM
7/31/2019,July,20,26,CCMP2458,2,2,124,155,86,92,,,,,,,114.25,1142500,114.25,JM
7/31/2019,July,20,26,CCMP2458,3,2,103,116,106,58,,,,,,,95.75,957500,95.75,JM
7/31/2019,July,20,26,CCMP2458,4,2,127,111,112,103,,,,,,,113.25,1132500,113.25,JM
7/31/2019,July,20,26,FLCass,1,2,,,,,,,,,,,,,,
7/31/2019,July,20,26,FLCass,2,2,100,118,99,94,,,,,,,102.75,1027500,102.75,JM
7/31/2019,July,20,26,FLCass,3,2,87,63,95,59,,,,,,,76,760000,76,JM
7/31/2019,July,20,26,FLCass,4,2,143,112,146,80,,,,,,,120.25,1202500,120.25,JM
7/31/2019,July,20,26,RT362,1,2,119,160,147,160,,,,,,,146.5,1465000,146.5,JM
7/31/2019,July,20,26,RT362,2,2,141,150,133,171,,,,,,,148.75,1487500,148.75,JM
7/31/2019,July,20,26,RT362,3,2,116,117,122,130,,,,,,,121.25,1212500,121.25,JM
7/31/2019,July,20,26,RT362,4,2,144,131,120,142,,,,,,,134.25,1342500,134.25,JM
7/31/2019,July,20,26,CCMP2464,1,2,84,100,101,71,,,,,,,89,890000,89,LG
7/31/2019,July,20,26,CCMP2464,2,2,76,74,69,65,,,,,,,71,710000,71,LG
7/31/2019,July,20,26,CCMP2464,3,2,78,51,69,49,,,,,,,61.75,617500,61.75,LG
7/31/2019,July,20,26,CCMP2464,4,2,76,83,81,84,,,,,,,81,810000,81,LG
7/31/2019,July,20,30,KB8,1,2,122,82,122,102,,,,,,,107,1070000,107,LG
7/31/2019,July,20,30,KB8,2,2,110,110,116,123,,,,,,,114.75,1147500,114.75,LG
7/31/2019,July,20,30,KB8,3,2,76,129,149,119,,,,,,,118.25,1182500,118.25,LG
7/31/2019,July,20,30,KB8,4,2,92,90,187,104,,,,,,,118.25,1182500,118.25,LG
7/31/2019,July,20,30,CCMP2458,1,2,92,151,138,146,,,,,,,131.75,1317500,131.75,JM
7/31/2019,July,20,30,CCMP2458,2,2,154,193,125,115,,,,,,,146.75,1467500,146.75,JM
7/31/2019,July,20,30,CCMP2458,3,2,146,134,143,176,,,,,,,149.75,1497500,149.75,JM
7/31/2019,July,20,30,CCMP2458,4,2,101,130,121,143,,,,,,,123.75,1237500,123.75,JM
7/31/2019,July,20,30,FLCass,1,2,65,70,100,83,,,,,,,79.5,795000,79.5,JM
7/31/2019,July,20,30,FLCass,2,2,74,83,118,66,,,,,,,85.25,852500,85.25,JM
7/31/2019,July,20,30,FLCass,3,2,94,122,118,86,,,,,,,105,1050000,105,JM
7/31/2019,July,20,30,FLCass,4,2,105,68,80,90,,,,,,,85.75,857500,85.75,JM
7/31/2019,July,20,30,RT362,1,2,120,106,76,117,,,,,,,104.75,1047500,104.75,JM
7/31/2019,July,20,30,RT362,2,2,148,95,131,144,,,,,,,129.5,1295000,129.5,JM
7/31/2019,July,20,30,RT362,3,2,117,184,133,114,,,,,,,137,1370000,137,JM
7/31/2019,July,20,30,RT362,4,2,111,85,162,151,,,,,,,127.25,1272500,127.25,JM
7/31/2019,July,20,30,CCMP2464,1,2,113,140,122,83,,,,,,,114.5,1145000,114.5,LG
7/31/2019,July,20,30,CCMP2464,2,2,106,66,101,99,,,,,,,93,930000,93,LG
7/31/2019,July,20,30,CCMP2464,3,2,97,71,117,92,,,,,,,94.25,942500,94.25,LG
7/31/2019,July,20,30,CCMP2464,4,2,103,101,105,117,,,,,,,106.5,1065000,106.5,LG
7/31/2019,July,20,32,KB8,1,2,102,116,75,114,,,,,,,101.75,1017500,101.75,LG
7/31/2019,July,20,32,KB8,2,2,97,101,97,103,,,,,,,99.5,995000,99.5,LG
7/31/2019,July,20,32,KB8,3,2,98,75,121,117,,,,,,,102.75,1027500,102.75,LG
7/31/2019,July,20,32,KB8,4,2,103,112,130,127,,,,,,,118,1180000,118,LG
7/31/2019,July,20,32,CCMP2458,1,2,102,64,125,120,,,,,,,102.75,1027500,102.75,JM
7/31/2019,July,20,32,CCMP2458,2,2,114,138,150,101,,,,,,,125.75,1257500,125.75,JM
7/31/2019,July,20,32,CCMP2458,3,2,121,130,114,115,,,,,,,120,1200000,120,JM
7/31/2019,July,20,32,CCMP2458,4,2,134,93,97,96,,,,,,,105,1050000,105,JM
7/31/2019,July,20,32,FLCass,1,2,157,74,73,72,,,,,,,94,940000,94,JM
7/31/2019,July,20,32,FLCass,2,2,79,88,94,62,,,,,,,80.75,807500,80.75,JM
7/31/2019,July,20,32,FLCass,3,2,72,99,112,62,,,,,,,86.25,862500,86.25,JM
7/31/2019,July,20,32,FLCass,4,2,103,81,67,47,,,,,,,74.5,745000,74.5,JM
7/31/2019,July,20,32,RT362,1,2,137,141,96,121,,,,,,,123.75,1237500,123.75,JM
7/31/2019,July,20,32,RT362,2,2,131,102,97,123,,,,,,,113.25,1132500,113.25,JM
7/31/2019,July,20,32,RT362,3,2,128,109,144,152,,,,,,,133.25,1332500,133.25,JM
7/31/2019,July,20,32,RT362,4,2,178,134,126,134,,,,,,,143,1430000,143,JM
7/31/2019,July,20,32,CCMP2464,1,2,108,67,96,110,,,,,,,95.25,952500,95.25,LG
7/31/2019,July,20,32,CCMP2464,2,2,82,70,115,87,,,,,,,88.5,885000,88.5,LG
7/31/2019,July,20,32,CCMP2464,3,2,94,66,114,96,,,,,,,92.5,925000,92.5,LG
7/31/2019,July,20,32,CCMP2464,4,2,101,122,115,111,,,,,,,112.25,1122500,112.25,LG
