Date,Day,Temp,Genotype,Flask,Method,Count1,C2,C3,C4,Average,Density(cells/ml),Density*10^4,Counter
7/12/2019,1,26,KB8,1,0,17,13,18,16,16,17777.77778,1.777777778,JM
7/12/2019,1,26,KB8,2,0,9,10,12,10,10.25,11388.88889,1.138888889,JM
7/12/2019,1,26,KB8,3,0,19,16,14,14,15.75,17500,1.75,JM
7/12/2019,1,26,KB8,4,0,23,12,18,15,17,18888.88889,1.888888889,LG
7/12/2019,1,26,CCMP2458,1,0,23,28,21,32,26,28888.88889,2.888888889,LG
7/12/2019,1,26,CCMP2458,2,0,20,12,16,21,17.25,19166.66667,1.916666667,LG
7/12/2019,1,26,CCMP2458,3,0,16,21,22,23,20.5,22777.77778,2.277777778,LG
7/12/2019,1,26,CCMP2458,4,0,21,21,19,16,19.25,21388.88889,2.138888889,LG
7/12/2019,1,26,FLCass,2,0,14,17,9,13,13.25,14722.22222,1.472222222,LG
7/12/2019,1,26,FLCass,3,0,13,23,18,16,17.5,19444.44444,1.944444444,LG
7/12/2019,1,26,FLCass,4,0,6,7,12,12,9.25,10277.77778,1.027777778,LG
7/12/2019,1,26,RT362,1,0,46,30,46,27,37.25,41388.88889,4.138888889,LG
7/12/2019,1,26,RT362,2,0,25,29,23,41,29.5,32777.77778,3.277777778,JM
7/12/2019,1,26,RT362,3,0,33,25,36,29,30.75,34166.66667,3.416666667,JM
7/12/2019,1,26,RT362,4,0,26,34,23,29,28,31111.11111,3.111111111,JM
7/12/2019,1,26,CCMP2464,1,0,14,19,4,6,10.75,11944.44444,1.194444444,LG
7/12/2019,1,26,CCMP2464,2,0,7,14,8,19,12,13333.33333,1.333333333,LG
7/12/2019,1,26,CCMP2464,3,0,10,12,12,10,11,12222.22222,1.222222222,LG
7/12/2019,1,26,CCMP2464,4,0,11,11,8,14,11,12222.22222,1.222222222,LG
7/12/2019,1,30,KB8,1,0,23,9,20,17,17.25,19166.66667,1.916666667,JM
7/12/2019,1,30,KB8,2,0,24,21,32,23,25,27777.77778,2.777777778,JM
7/12/2019,1,30,KB8,3,0,18,22,23,27,22.5,25000,2.5,JM
7/12/2019,1,30,KB8,4,0,30,19,25,32,26.5,29444.44444,2.944444444,JM
7/12/2019,1,30,CCMP2458,1,0,35,25,21,27,27,30000,3,LG
7/12/2019,1,30,CCMP2458,2,0,20,30,31,21,25.5,28333.33333,2.833333333,LG
7/12/2019,1,30,CCMP2458,3,0,39,29,21,31,30,33333.33333,3.333333333,LG
7/12/2019,1,30,CCMP2458,4,0,29,30,33,31,30.75,34166.66667,3.416666667,LG
7/12/2019,1,30,FLCass,1,0,27,22,27,26,25.5,28333.33333,2.833333333,LG
7/12/2019,1,30,FLCass,2,0,30,37,29,56,38,42222.22222,4.222222222,LG
7/12/2019,1,30,FLCass,3,0,30,24,34,27,28.75,31944.44444,3.194444444,LG
7/12/2019,1,30,FLCass,4,0,29,33,23,37,30.5,33888.88889,3.388888889,LG
7/12/2019,1,30,RT362,1,0,44,55,65,51,53.75,59722.22222,5.972222222,JM
7/12/2019,1,30,RT362,2,0,37,41,46,30,38.5,42777.77778,4.277777778,JM
7/12/2019,1,30,RT362,3,0,35,50,41,34,40,44444.44444,4.444444444,JM
7/12/2019,1,30,RT362,4,0,40,37,46,47,42.5,47222.22222,4.722222222,JM
7/12/2019,1,30,CCMP2464,1,0,17,8,19,21,16.25,18055.55556,1.805555556,LG
7/12/2019,1,30,CCMP2464,2,0,15,18,35,15,20.75,23055.55556,2.305555556,LG
7/12/2019,1,30,CCMP2464,3,0,21,28,29,18,24,26666.66667,2.666666667,LG
7/12/2019,1,30,CCMP2464,4,0,21,20,21,26,22,24444.44444,2.444444444,LG
7/12/2019,1,32,KB8,1,0,18,21,26,14,19.75,21944.44444,2.194444444,JM
7/12/2019,1,32,KB8,2,0,21,20,15,22,19.5,21666.66667,2.166666667,JM
7/12/2019,1,32,KB8,3,0,22,21,30,19,23,25555.55556,2.555555556,JM
7/12/2019,1,32,KB8,4,0,22,37,28,28,28.75,31944.44444,3.194444444,JM
7/12/2019,1,32,CCMP2458,1,0,22,23,24,24,23.25,25833.33333,2.583333333,LG
7/12/2019,1,32,CCMP2458,2,0,20,19,27,25,22.75,25277.77778,2.527777778,LG
7/12/2019,1,32,CCMP2458,3,0,25,32,28,17,25.5,28333.33333,2.833333333,LG
7/12/2019,1,32,CCMP2458,4,0,34,32,19,19,26,28888.88889,2.888888889,LG
7/12/2019,1,32,FLCass,1,0,27,33,45,27,33,36666.66667,3.666666667,LG
7/12/2019,1,32,FLCass,2,0,44,30,32,26,33,36666.66667,3.666666667,LG
7/12/2019,1,32,FLCass,3,0,78,29,31,34,43,47777.77778,4.777777778,LG
7/12/2019,1,32,FLCass,4,0,14,31,32,26,25.75,28611.11111,2.861111111,LG
7/12/2019,1,32,RT362,1,0,25,30,27,29,27.75,30833.33333,3.083333333,JM
7/12/2019,1,32,RT362,2,0,47,40,41,37,41.25,45833.33333,4.583333333,JM
7/12/2019,1,32,RT362,3,0,29,35,34,25,30.75,34166.66667,3.416666667,JM
7/12/2019,1,32,RT362,4,0,38,41,34,30,35.75,39722.22222,3.972222222,JM
7/12/2019,1,32,CCMP2464,1,0,19,17,23,14,18.25,20277.77778,2.027777778,LG
7/12/2019,1,32,CCMP2464,2,0,15,21,19,23,19.5,21666.66667,2.166666667,LG
7/12/2019,1,32,CCMP2464,3,0,20,16,16,22,18.5,20555.55556,2.055555556,LG
7/12/2019,1,32,CCMP2464,4,0,17,26,12,21,19,21111.11111,2.111111111,LG
7/15/2019,4,26,KB8,1,0,69,70,65,67,67.75,75277.77778,7.527777778,JM
7/15/2019,4,26,KB8,2,0,77,64,68,40,62.25,69166.66667,6.916666667,JM
7/15/2019,4,26,KB8,3,0,69,35,39,53,49,54444.44444,5.444444444,JM
7/15/2019,4,26,KB8,4,0,98,86,89,50,80.75,89722.22222,8.972222222,JM
7/15/2019,4,26,CCMP2458,1,0,88,104,55,60,76.75,85277.77778,8.527777778,LG
7/15/2019,4,26,CCMP2458,2,0,58,50,56,49,53.25,59166.66667,5.916666667,LG
7/15/2019,4,26,CCMP2458,3,0,54,72,59,48,58.25,64722.22222,6.472222222,LG
7/15/2019,4,26,CCMP2458,4,0,52,67,47,55,55.25,61388.88889,6.138888889,LG
7/15/2019,4,26,FLCass,2,0,50,58,47,43,49.5,55000,5.5,LG
7/15/2019,4,26,FLCass,3,0,38,33,54,37,40.5,45000,4.5,LG
7/15/2019,4,26,FLCass,4,0,33,33,38,38,35.5,39444.44444,3.944444444,LG
7/15/2019,4,26,RT362,1,0,106,138,121,111,119,132222.2222,13.22222222,JM
7/15/2019,4,26,RT362,2,0,76,78,79,77,77.5,86111.11111,8.611111111,JM
7/15/2019,4,26,RT362,3,0,63,70,67,86,71.5,79444.44444,7.944444444,JM
7/15/2019,4,26,RT362,4,0,97,88,95,96,94,104444.4444,10.44444444,JM
7/15/2019,4,26,CCMP2464,1,0,58,64,53,55,57.5,63888.88889,6.388888889,JM
7/15/2019,4,26,CCMP2464,2,0,44,46,42,67,49.75,55277.77778,5.527777778,JM
7/15/2019,4,26,CCMP2464,3,0,48,36,35,50,42.25,46944.44444,4.694444444,JM
7/15/2019,4,26,CCMP2464,4,0,51,51,55,43,50,55555.55556,5.555555556,JM
7/15/2019,4,30,KB8,1,0,123,164,110,120,129.25,143611.1111,14.36111111,JM
7/15/2019,4,30,KB8,2,0,188,161,175,177,175.25,194722.2222,19.47222222,JM
7/15/2019,4,30,KB8,3,1,73,58,75,66,68,170000,17,JM
7/15/2019,4,30,KB8,4,1,58,64,78,78,69.5,173750,17.375,JM
7/15/2019,4,30,CCMP2458,1,1,56,45,48,32,45.25,113125,11.3125,LG
7/15/2019,4,30,CCMP2458,2,1,51,49,54,51,51.25,128125,12.8125,LG
7/15/2019,4,30,CCMP2458,3,1,34,39,45,53,42.75,106875,10.6875,LG
7/15/2019,4,30,CCMP2458,4,1,53,57,51,52,53.25,133125,13.3125,LG
7/15/2019,4,30,FLCass,1,1,51,48,37,43,44.75,111875,11.1875,LG
7/15/2019,4,30,FLCass,2,1,38,52,37,36,40.75,101875,10.1875,LG
7/15/2019,4,30,FLCass,3,0,77,69,105,106,89.25,99166.66667,9.916666667,LG
7/15/2019,4,30,FLCass,4,1,44,24,48,27,35.75,89375,8.9375,LG
7/15/2019,4,30,RT362,1,1,53,40,63,65,55.25,138125,13.8125,LG
7/15/2019,4,30,RT362,2,0,142,137,147,129,138.75,154166.6667,15.41666667,LG
7/15/2019,4,30,RT362,3,0,82,141,155,120,124.5,138333.3333,13.83333333,LG
7/15/2019,4,30,RT362,4,0,98,163,145,138,136,151111.1111,15.11111111,LG
7/15/2019,4,30,CCMP2464,1,0,109,92,95,98,98.5,109444.4444,10.94444444,JM
7/15/2019,4,30,CCMP2464,2,0,89,98,66,79,83,92222.22222,9.222222222,JM
7/15/2019,4,30,CCMP2464,3,0,84,86,73,89,83,92222.22222,9.222222222,JM
7/15/2019,4,30,CCMP2464,4,0,98,92,77,116,95.75,106388.8889,10.63888889,JM
7/15/2019,4,32,KB8,1,0,118,128,95,130,117.75,130833.3333,13.08333333,JM
7/15/2019,4,32,KB8,2,0,106,111,105,100,105.5,117222.2222,11.72222222,JM
7/15/2019,4,32,KB8,3,0,114,87,128,126,113.75,126388.8889,12.63888889,JM
7/15/2019,4,32,KB8,4,0,109,136,112,120,119.25,132500,13.25,JM
7/15/2019,4,32,CCMP2458,1,0,77,80,30,33,55,61111.11111,6.111111111,LG
7/15/2019,4,32,CCMP2458,2,0,95,105,107,68,93.75,104166.6667,10.41666667,LG
7/15/2019,4,32,CCMP2458,3,0,84,78,97,56,78.75,87500,8.75,LG
7/15/2019,4,32,CCMP2458,4,0,59,72,62,54,61.75,68611.11111,6.861111111,LG
7/15/2019,4,32,FLCass,1,1,54,50,24,35,40.75,101875,10.1875,LG
7/15/2019,4,32,FLCass,2,0,99,83,106,47,83.75,93055.55556,9.305555556,LG
7/15/2019,4,32,FLCass,3,0,89,100,82,92,90.75,100833.3333,10.08333333,LG
7/15/2019,4,32,FLCass,4,0,101,73,95,76,86.25,95833.33333,9.583333333,LG
7/15/2019,4,32,RT362,1,0,110,90,81,84,91.25,101388.8889,10.13888889,LG
7/15/2019,4,32,RT362,2,0,114,91,89,104,99.5,110555.5556,11.05555556,LG
7/15/2019,4,32,RT362,3,0,116,115,114,138,120.75,134166.6667,13.41666667,LG
7/15/2019,4,32,RT362,4,0,94,96,92,97,94.75,105277.7778,10.52777778,LG
7/15/2019,4,32,CCMP2464,1,0,79,60,70,87,74,82222.22222,8.222222222,JM
7/15/2019,4,32,CCMP2464,2,0,85,58,77,69,72.25,80277.77778,8.027777778,JM
7/15/2019,4,32,CCMP2464,3,0,83,116,81,88,92,102222.2222,10.22222222,JM
7/15/2019,4,32,CCMP2464,4,0,46,64,76,80,66.5,73888.88889,7.388888889,JM
7/17/2019,6,26,KB8,1,1,63,50,52,70,58.75,146875,14.6875,JM
7/17/2019,6,26,KB8,2,0,135,104,120,106,116.25,129166.6667,12.91666667,JM
7/17/2019,6,26,KB8,3,0,107,140,118,125,122.5,136111.1111,13.61111111,JM
7/17/2019,6,26,KB8,4,0,139,123,155,127,136,151111.1111,15.11111111,JM
7/17/2019,6,26,CCMP2458,1,1,70,60,77,86,73.25,183125,18.3125,JM
7/17/2019,6,26,CCMP2458,2,1,81,57,52,64,63.5,158750,15.875,JM
7/17/2019,6,26,CCMP2458,3,1,68,58,72,65,65.75,164375,16.4375,JM
7/17/2019,6,26,CCMP2458,4,1,65,62,75,65,66.75,166875,16.6875,JM
7/17/2019,6,26,FLCass,1,,,,,,#DIV/0!,#DIV/0!,#DIV/0!,LG
7/17/2019,6,26,FLCass,2,1,52,33,49,39,43.25,108125,10.8125,LG
7/17/2019,6,26,FLCass,3,1,39,47,51,43,45,112500,11.25,LG
7/17/2019,6,26,FLCass,4,0,112,87,99,119,104.25,115833.3333,11.58333333,LG
7/17/2019,6,26,RT362,1,1,65,75,77,52,67.25,168125,16.8125,LG
7/17/2019,6,26,RT362,2,1,76,49,54,76,63.75,159375,15.9375,LG
7/17/2019,6,26,RT362,3,1,57,66,53,56,58,145000,14.5,LG
7/17/2019,6,26,RT362,4,1,74,90,62,65,72.75,181875,18.1875,LG
7/17/2019,6,26,CCMP2464,1,0,85,80,79,59,75.75,84166.66667,8.416666667,LG
7/17/2019,6,26,CCMP2464,2,0,68,64,59,65,64,71111.11111,7.111111111,LG
7/17/2019,6,26,CCMP2464,3,0,74,79,77,44,68.5,76111.11111,7.611111111,LG
7/17/2019,6,26,CCMP2464,4,0,86,84,80,81,82.75,91944.44444,9.194444444,LG
7/17/2019,6,30,KB8,1,2,32,57,20,46,38.75,387500,38.75,JM
7/17/2019,6,30,KB8,2,2,46,39,37,43,41.25,412500,41.25,JM
7/17/2019,6,30,KB8,3,2,34,30,26,28,29.5,295000,29.5,JM
7/17/2019,6,30,KB8,4,2,32,18,33,36,29.75,297500,29.75,JM
7/17/2019,6,30,CCMP2458,1,2,26,34,37,36,33.25,332500,33.25,JM
7/17/2019,6,30,CCMP2458,2,2,41,32,19,35,31.75,317500,31.75,JM
7/17/2019,6,30,CCMP2458,3,2,30,45,28,39,35.5,355000,35.5,JM
7/17/2019,6,30,CCMP2458,4,2,38,36,37,35,36.5,365000,36.5,JM
7/17/2019,6,30,FLCass,1,2,21,26,30,39,29,290000,29,LG
7/17/2019,6,30,FLCass,2,1,77,139,65,64,86.25,215625,21.5625,LG
7/17/2019,6,30,FLCass,3,1,77,90,87,66,80,200000,20,LG
7/17/2019,6,30,FLCass,4,1,96,117,75,61,87.25,218125,21.8125,LG
7/17/2019,6,30,RT362,1,1,66,70,93,92,80.25,200625,20.0625,LG
7/17/2019,6,30,RT362,2,1,94,97,71,53,78.75,196875,19.6875,LG
7/17/2019,6,30,RT362,3,2,29,27,26,30,28,280000,28,LG
7/17/2019,6,30,RT362,4,2,31,47,25,21,31,310000,31,LG
7/17/2019,6,30,CCMP2464,1,2,26,22,21,21,22.5,225000,22.5,LG
7/17/2019,6,30,CCMP2464,2,1,61,63,72,80,69,172500,17.25,LG
7/17/2019,6,30,CCMP2464,3,1,58,60,86,83,71.75,179375,17.9375,LG
7/17/2019,6,30,CCMP2464,4,1,77,104,76,97,88.5,221250,22.125,LG
7/17/2019,6,32,KB8,1,2,29,24,21,28,25.5,255000,25.5,JM
7/17/2019,6,32,KB8,2,2,20,26,25,20,22.75,227500,22.75,JM
7/17/2019,6,32,KB8,3,2,20,28,21,20,22.25,222500,22.25,JM
7/17/2019,6,32,KB8,4,2,35,21,25,18,24.75,247500,24.75,JM
7/17/2019,6,32,CCMP2458,1,1,107,116,83,101,101.75,254375,25.4375,JM
7/17/2019,6,32,CCMP2458,2,1,125,93,119,114,112.75,281875,28.1875,JM
7/17/2019,6,32,CCMP2458,3,1,80,72,104,96,88,220000,22,JM
7/17/2019,6,32,CCMP2458,4,1,105,93,97,121,104,260000,26,JM
7/17/2019,6,32,FLCass,1,2,21,21,29,30,25.25,252500,25.25,LG
7/17/2019,6,32,FLCass,2,1,84,85,72,80,80.25,200625,20.0625,LG
7/17/2019,6,32,FLCass,3,1,70,61,62,65,64.5,161250,16.125,LG
7/17/2019,6,32,FLCass,4,1,76,58,55,91,70,175000,17.5,LG
7/17/2019,6,32,RT362,1,1,62,80,106,107,88.75,221875,22.1875,LG
7/17/2019,6,32,RT362,2,1,97,57,98,84,84,210000,21,LG
7/17/2019,6,32,RT362,3,2,20,21,28,29,24.5,245000,24.5,LG
7/17/2019,6,32,RT362,4,2,23,26,24,35,27,270000,27,LG
7/17/2019,6,32,CCMP2464,1,1,71,59,66,77,68.25,170625,17.0625,JM
7/17/2019,6,32,CCMP2464,2,1,61,61,68,71,65.25,163125,16.3125,JM
7/17/2019,6,32,CCMP2464,3,1,54,79,93,62,72,180000,18,JM
7/17/2019,6,32,CCMP2464,4,1,69,54,60,66,62.25,155625,15.5625,JM
7/19/2019,8,26,KB8,1,2,21,29,23,20,23.25,232500,23.25,LG
7/19/2019,8,26,KB8,2,1,94,104,120,77,98.75,246875,24.6875,LG
7/19/2019,8,26,KB8,3,1,78,64,84,96,80.5,201250,20.125,LG
7/19/2019,8,26,KB8,4,1,50,50,56,76,58,145000,14.5,LG
7/19/2019,8,26,CCMP2458,1,1,88,107,95,113,100.75,251875,25.1875,JM
7/19/2019,8,26,CCMP2458,2,2,38,33,24,31,31.5,315000,31.5,JM
7/19/2019,8,26,CCMP2458,3,2,32,21,40,24,29.25,292500,29.25,JM
7/19/2019,8,26,CCMP2458,4,2,28,31,26,21,26.5,265000,26.5,JM
7/19/2019,8,26,FLCass,1,,,,,,#DIV/0!,#DIV/0!,#DIV/0!,JM
7/19/2019,8,26,FLCass,2,2,35,35,27,17,28.5,285000,28.5,JM
7/19/2019,8,26,FLCass,3,2,36,39,51,23,37.25,372500,37.25,JM
7/19/2019,8,26,FLCass,4,2,33,37,33,20,30.75,307500,30.75,JM
7/19/2019,8,26,RT362,1,2,47,40,47,57,47.75,477500,47.75,JM
7/19/2019,8,26,RT362,2,2,35,40,39,33,36.75,367500,36.75,JM
7/19/2019,8,26,RT362,3,2,29,24,38,45,34,340000,34,JM
7/19/2019,8,26,RT362,4,2,38,49,45,52,46,460000,46,JM
7/19/2019,8,26,CCMP2464,1,1,85,87,63,69,76,190000,19,JM
7/19/2019,8,26,CCMP2464,2,1,91,101,106,119,104.25,260625,26.0625,JM
7/19/2019,8,26,CCMP2464,3,1,74,81,100,68,80.75,201875,20.1875,JM
7/19/2019,8,26,CCMP2464,4,1,86,63,86,84,79.75,199375,19.9375,JM
7/19/2019,8,30,KB8,1,2,38,46,56,51,47.75,477500,47.75,LG
7/19/2019,8,30,KB8,2,2,34,43,41,47,41.25,412500,41.25,LG
7/19/2019,8,30,KB8,3,2,55,44,51,56,51.5,515000,51.5,LG
7/19/2019,8,30,KB8,4,2,45,32,40,26,35.75,357500,35.75,LG
7/19/2019,8,30,CCMP2458,1,2,45,52,37,43,44.25,442500,44.25,JM
7/19/2019,8,30,CCMP2458,2,2,55,40,44,40,44.75,447500,44.75,JM
7/19/2019,8,30,CCMP2458,3,2,54,46,38,27,41.25,412500,41.25,JM
7/19/2019,8,30,CCMP2458,4,2,55,48,66,63,58,580000,58,JM
7/19/2019,8,30,FLCass,1,2,63,36,37,45,45.25,452500,45.25,JM
7/19/2019,8,30,FLCass,2,2,45,35,54,34,42,420000,42,JM
7/19/2019,8,30,FLCass,3,2,53,36,38,45,43,430000,43,JM
7/19/2019,8,30,FLCass,4,2,35,30,42,35,35.5,355000,35.5,JM
7/19/2019,8,30,RT362,1,2,35,40,42,44,40.25,402500,40.25,JM
7/19/2019,8,30,RT362,2,2,47,54,34,36,42.75,427500,42.75,JM
7/19/2019,8,30,RT362,3,2,41,42,33,34,37.5,375000,37.5,JM
7/19/2019,8,30,RT362,4,2,44,36,63,72,53.75,537500,53.75,JM
7/19/2019,8,30,CCMP2464,1,2,41,25,33,28,31.75,317500,31.75,LG
7/19/2019,8,30,CCMP2464,2,2,26,22,28,30,26.5,265000,26.5,LG
7/19/2019,8,30,CCMP2464,3,2,21,26,28,29,26,260000,26,LG
7/19/2019,8,30,CCMP2464,4,2,32,35,26,30,30.75,307500,30.75,LG
7/19/2019,8,32,KB8,1,2,28,47,23,33,32.75,327500,32.75,LG
7/19/2019,8,32,KB8,2,2,28,26,27,21,25.5,255000,25.5,LG
7/19/2019,8,32,KB8,3,2,25,33,25,24,26.75,267500,26.75,LG
7/19/2019,8,32,KB8,4,2,40,35,46,34,38.75,387500,38.75,LG
7/19/2019,8,32,CCMP2458,1,2,29,41,34,33,34.25,342500,34.25,JM
7/19/2019,8,32,CCMP2458,2,2,48,54,34,42,44.5,445000,44.5,JM
7/19/2019,8,32,CCMP2458,3,2,50,47,30,32,39.75,397500,39.75,JM
7/19/2019,8,32,CCMP2458,4,2,35,50,51,26,40.5,405000,40.5,JM
7/19/2019,8,32,FLCass,1,2,30,35,40,35,35,350000,35,LG
7/19/2019,8,32,FLCass,2,2,25,21,27,24,24.25,242500,24.25,LG
7/19/2019,8,32,FLCass,3,2,28,21,24,25,24.5,245000,24.5,LG
7/19/2019,8,32,FLCass,4,2,31,21,20,22,23.5,235000,23.5,LG
7/19/2019,8,32,RT362,1,2,36,49,41,27,38.25,382500,38.25,JM
7/19/2019,8,32,RT362,2,2,60,38,45,41,46,460000,46,JM
7/19/2019,8,32,RT362,3,2,49,46,45,33,43.25,432500,43.25,JM
7/19/2019,8,32,RT362,4,2,43,44,63,43,48.25,482500,48.25,JM
7/19/2019,8,32,CCMP2464,1,2,20,22,28,28,24.5,245000,24.5,LG
7/19/2019,8,32,CCMP2464,2,2,22,25,29,36,28,280000,28,LG
7/19/2019,8,32,CCMP2464,3,2,23,26,24,25,24.5,245000,24.5,LG
7/19/2019,8,32,CCMP2464,4,2,33,29,20,26,27,270000,27,LG
7/22/2019,11,26,KB8,1,2,45,57,38,45,46.25,462500,46.25,LG
7/22/2019,11,26,KB8,2,2,39,36,36,44,38.75,387500,38.75,LG
7/22/2019,11,26,KB8,3,2,27,27,35,33,30.5,305000,30.5,LG
7/22/2019,11,26,KB8,4,2,41,34,28,35,34.5,345000,34.5,LG
7/22/2019,11,26,CCMP2458,1,2,31,21,28,34,28.5,285000,28.5,LG
7/22/2019,11,26,CCMP2458,2,2,44,40,38,41,40.75,407500,40.75,LG
7/22/2019,11,26,CCMP2458,3,2,37,38,28,42,36.25,362500,36.25,LG
7/22/2019,11,26,CCMP2458,4,2,41,47,36,36,40,400000,40,LG
7/22/2019,11,26,FLCass,1,2,,,,,#DIV/0!,#DIV/0!,#DIV/0!,JM
7/22/2019,11,26,FLCass,2,2,76,79,96,74,81.25,812500,81.25,JM
7/22/2019,11,26,FLCass,3,2,43,42,75,87,61.75,617500,61.75,JM
7/22/2019,11,26,FLCass,4,2,64,66,52,56,59.5,595000,59.5,JM
7/22/2019,11,26,RT362,1,2,59,40,67,57,55.75,557500,55.75,JM
7/22/2019,11,26,RT362,2,2,102,111,57,94,91,910000,91,JM
7/22/2019,11,26,RT362,3,2,61,53,96,68,69.5,695000,69.5,JM
7/22/2019,11,26,RT362,4,2,85,59,90,83,79.25,792500,79.25,JM
7/22/2019,11,26,CCMP2464,1,2,31,55,24,28,34.5,345000,34.5,LG
7/22/2019,11,26,CCMP2464,2,2,28,27,27,36,29.5,295000,29.5,LG
7/22/2019,11,26,CCMP2464,3,2,27,31,33,21,28,280000,28,LG
7/22/2019,11,26,CCMP2464,4,2,58,23,22,27,32.5,325000,32.5,LG
7/22/2019,11,30,KB8,1,2,80,42,61,52,58.75,587500,58.75,LG
7/22/2019,11,30,KB8,2,2,63,83,44,71,65.25,652500,65.25,LG
7/22/2019,11,30,KB8,3,2,79,53,64,95,72.75,727500,72.75,LG
7/22/2019,11,30,KB8,4,2,77,74,84,68,75.75,757500,75.75,LG
7/22/2019,11,30,CCMP2458,1,2,94,76,88,57,78.75,787500,78.75,JM
7/22/2019,11,30,CCMP2458,2,2,100,74,74,84,83,830000,83,JM
7/22/2019,11,30,CCMP2458,3,2,116,91,107,58,93,930000,93,JM
7/22/2019,11,30,CCMP2458,4,2,90,65,80,98,83.25,832500,83.25,JM
7/22/2019,11,30,FLCass,1,2,71,41,62,66,60,600000,60,JM
7/22/2019,11,30,FLCass,2,2,70,41,42,92,61.25,612500,61.25,JM
7/22/2019,11,30,FLCass,3,2,95,41,59,64,64.75,647500,64.75,JM
7/22/2019,11,30,FLCass,4,2,46,54,66,93,64.75,647500,64.75,JM
7/22/2019,11,30,RT362,1,2,106,112,84,104,101.5,1015000,101.5,JM
7/22/2019,11,30,RT362,2,2,75,63,60,95,73.25,732500,73.25,JM
7/22/2019,11,30,RT362,3,2,105,108,85,103,100.25,1002500,100.25,JM
7/22/2019,11,30,RT362,4,2,88,80,116,97,95.25,952500,95.25,JM
7/22/2019,11,30,CCMP2464,1,2,54,35,60,83,58,580000,58,LG
7/22/2019,11,30,CCMP2464,2,2,80,65,58,52,63.75,637500,63.75,LG
7/22/2019,11,30,CCMP2464,3,2,38,44,69,78,57.25,572500,57.25,LG
7/22/2019,11,30,CCMP2464,4,2,62,62,78,61,65.75,657500,65.75,LG
7/22/2019,11,32,KB8,1,2,67,74,63,60,66,660000,66,LG
7/22/2019,11,32,KB8,2,2,57,43,46,51,49.25,492500,49.25,LG
7/22/2019,11,32,KB8,3,2,45,34,31,56,41.5,415000,41.5,LG
7/22/2019,11,32,KB8,4,2,63,62,69,42,59,590000,59,LG
7/22/2019,11,32,CCMP2458,1,2,62,60,60,41,55.75,557500,55.75,JM
7/22/2019,11,32,CCMP2458,2,2,94,73,67,56,72.5,725000,72.5,JM
7/22/2019,11,32,CCMP2458,3,2,64,59,50,68,60.25,602500,60.25,JM
7/22/2019,11,32,CCMP2458,4,2,80,55,85,55,68.75,687500,68.75,JM
7/22/2019,11,32,FLCass,1,2,62,51,69,47,57.25,572500,57.25,JM
7/22/2019,11,32,FLCass,2,2,57,48,57,45,51.75,517500,51.75,JM
7/22/2019,11,32,FLCass,3,2,61,39,37,72,52.25,522500,52.25,JM
7/22/2019,11,32,FLCass,4,2,58,56,57,58,57.25,572500,57.25,JM
7/22/2019,11,32,RT362,1,2,46,55,63,80,61,610000,61,JM
7/22/2019,11,32,RT362,2,2,97,94,85,43,79.75,797500,79.75,JM
7/22/2019,11,32,RT362,3,2,81,50,74,82,71.75,717500,71.75,JM
7/22/2019,11,32,RT362,4,2,123,68,74,71,84,840000,84,JM
7/22/2019,11,32,CCMP2464,1,2,51,41,54,51,49.25,492500,49.25,LG
7/22/2019,11,32,CCMP2464,2,2,36,52,43,63,48.5,485000,48.5,LG
7/22/2019,11,32,CCMP2464,3,2,44,65,52,51,53,530000,53,LG
7/22/2019,11,32,CCMP2464,4,2,39,61,49,45,48.5,485000,48.5,LG
7/24/2019,13,26,KB8,1,2,80,40,56,59,58.75,587500,58.75,JM
7/24/2019,13,26,KB8,2,2,49,66,61,69,61.25,612500,61.25,JM
7/24/2019,13,26,KB8,3,2,57,24,51,51,45.75,457500,45.75,JM
7/24/2019,13,26,KB8,4,2,50,61,67,61,59.75,597500,59.75,JM
7/24/2019,13,26,CCMP2458,1,2,44,48,40,44,44,440000,44,LG
7/24/2019,13,26,CCMP2458,2,2,62,47,29,44,45.5,455000,45.5,LG
7/24/2019,13,26,CCMP2458,3,2,49,51,44,55,49.75,497500,49.75,LG
7/24/2019,13,26,CCMP2458,4,2,61,48,76,25,52.5,525000,52.5,LG
7/24/2019,13,26,FLCass,1,2,,,,,#DIV/0!,#DIV/0!,#DIV/0!,LG
7/24/2019,13,26,FLCass,2,2,40,33,40,49,40.5,405000,40.5,LG
7/24/2019,13,26,FLCass,3,2,29,44,37,23,33.25,332500,33.25,LG
7/24/2019,13,26,FLCass,4,2,40,36,49,28,38.25,382500,38.25,LG
7/24/2019,13,26,RT362,1,2,58,78,137,52,81.25,812500,81.25,JM
7/24/2019,13,26,RT362,2,2,74,116,92,85,91.75,917500,91.75,JM
7/24/2019,13,26,RT362,3,2,79,47,104,97,81.75,817500,81.75,JM
7/24/2019,13,26,RT362,4,2,107,90,64,66,81.75,817500,81.75,JM
7/24/2019,13,26,CCMP2464,1,2,56,71,44,87,64.5,645000,64.5,LG
7/24/2019,13,26,CCMP2464,2,2,49,38,50,50,46.75,467500,46.75,LG
7/24/2019,13,26,CCMP2464,3,2,58,43,45,37,45.75,457500,45.75,LG
7/24/2019,13,26,CCMP2464,4,2,54,61,54,61,57.5,575000,57.5,LG
7/24/2019,13,30,KB8,1,2,101,61,67,84,78.25,782500,78.25,JM
7/24/2019,13,30,KB8,2,2,69,101,84,97,87.75,877500,87.75,JM
7/24/2019,13,30,KB8,3,2,99,78,89,59,81.25,812500,81.25,JM
7/24/2019,13,30,KB8,4,2,66,102,102,76,86.5,865000,86.5,JM
7/24/2019,13,30,CCMP2458,1,2,56,47,69,73,61.25,612500,61.25,LG
7/24/2019,13,30,CCMP2458,2,2,59,56,39,48,50.5,505000,50.5,LG
7/24/2019,13,30,CCMP2458,3,2,45,50,39,55,47.25,472500,47.25,LG
7/24/2019,13,30,CCMP2458,4,2,58,52,62,55,56.75,567500,56.75,LG
7/24/2019,13,30,FLCass,1,2,53,51,57,54,53.75,537500,53.75,LG
7/24/2019,13,30,FLCass,2,2,69,44,55,84,63,630000,63,LG
7/24/2019,13,30,FLCass,3,2,67,58,78,57,65,650000,65,LG
7/24/2019,13,30,FLCass,4,2,82,79,71,63,73.75,737500,73.75,LG
7/24/2019,13,30,RT362,1,2,134,113,85,119,112.75,1127500,112.75,LG
7/24/2019,13,30,RT362,2,2,103,155,122,97,119.25,1192500,119.25,LG
7/24/2019,13,30,RT362,3,2,93,117,98,95,100.75,1007500,100.75,LG
7/24/2019,13,30,RT362,4,2,89,103,86,84,90.5,905000,90.5,LG
7/24/2019,13,30,CCMP2464,1,2,117,78,117,121,108.25,1082500,108.25,LG
7/24/2019,13,30,CCMP2464,2,2,112,96,100,114,105.5,1055000,105.5,LG
7/24/2019,13,30,CCMP2464,3,2,103,100,85,88,94,940000,94,LG
7/24/2019,13,30,CCMP2464,4,2,101,90,121,77,97.25,972500,97.25,LG
7/24/2019,13,32,KB8,1,2,68,26,85,60,59.75,597500,59.75,LG
7/24/2019,13,32,KB8,2,2,52,35,85,65,59.25,592500,59.25,LG
7/24/2019,13,32,KB8,3,2,62,61,61,42,56.5,565000,56.5,LG
7/24/2019,13,32,KB8,4,2,55,76,48,65,61,610000,61,LG
7/24/2019,13,32,CCMP2458,1,2,46,66,63,49,56,560000,56,LG
7/24/2019,13,32,CCMP2458,2,2,58,35,81,53,56.75,567500,56.75,LG
7/24/2019,13,32,CCMP2458,3,2,42,68,65,60,58.75,587500,58.75,LG
7/24/2019,13,32,CCMP2458,4,2,53,65,32,61,52.75,527500,52.75,LG
7/24/2019,13,32,FLCass,1,2,54,41,70,61,56.5,565000,56.5,LG
7/24/2019,13,32,FLCass,2,2,66,45,48,35,48.5,485000,48.5,LG
7/24/2019,13,32,FLCass,3,2,58,71,60,38,56.75,567500,56.75,LG
7/24/2019,13,32,FLCass,4,2,56,61,62,59,59.5,595000,59.5,LG
7/24/2019,13,32,RT362,1,2,70,74,57,84,71.25,712500,71.25,JM
7/24/2019,13,32,RT362,2,2,87,81,80,78,81.5,815000,81.5,JM
7/24/2019,13,32,RT362,3,2,96,83,76,115,92.5,925000,92.5,JM
7/24/2019,13,32,RT362,4,2,85,93,83,94,88.75,887500,88.75,JM
7/24/2019,13,32,CCMP2464,1,2,112,88,68,76,86,860000,86,JM
7/24/2019,13,32,CCMP2464,2,2,79,89,83,84,83.75,837500,83.75,JM
7/24/2019,13,32,CCMP2464,3,2,117,80,109,72,94.5,945000,94.5,JM
7/24/2019,13,32,CCMP2464,4,2,111,97,79,98,96.25,962500,96.25,JM
7/26/2019,15,26,KB8,1,2,53,66,80,75,68.5,685000,68.5,JM
7/26/2019,15,26,KB8,2,2,71,72,87,71,75.25,752500,75.25,JM
7/26/2019,15,26,KB8,3,2,76,70,80,65,72.75,727500,72.75,JM
7/26/2019,15,26,KB8,4,2,86,83,87,65,80.25,802500,80.25,JM
7/26/2019,15,26,CCMP2458,1,2,79,44,52,50,56.25,562500,56.25,LG
7/26/2019,15,26,CCMP2458,2,2,45,54,62,60,55.25,552500,55.25,LG
7/26/2019,15,26,CCMP2458,3,2,42,71,61,69,60.75,607500,60.75,LG
7/26/2019,15,26,CCMP2458,4,2,61,42,69,69,60.25,602500,60.25,LG
7/26/2019,15,26,FLCass,1,2,,,,,#DIV/0!,#DIV/0!,#DIV/0!,JM
7/26/2019,15,26,FLCass,2,2,47,61,118,91,79.25,792500,79.25,JM
7/26/2019,15,26,FLCass,3,2,66,107,210,53,109,1090000,109,JM
7/26/2019,15,26,FLCass,4,2,81,56,89,64,72.5,725000,72.5,JM
7/26/2019,15,26,RT362,1,2,44,52,41,79,54,540000,54,LG
7/26/2019,15,26,RT362,2,2,80,99,67,76,80.5,805000,80.5,LG
7/26/2019,15,26,RT362,3,2,69,98,89,79,83.75,837500,83.75,LG
7/26/2019,15,26,RT362,4,2,50,72,59,62,60.75,607500,60.75,LG
7/26/2019,15,26,CCMP2464,1,2,63,62,81,88,73.5,735000,73.5,JM
7/26/2019,15,26,CCMP2464,2,2,101,61,132,70,91,910000,91,JM
7/26/2019,15,26,CCMP2464,3,2,85,66,70,60,70.25,702500,70.25,JM
7/26/2019,15,26,CCMP2464,4,2,82,73,60,58,68.25,682500,68.25,JM
7/26/2019,15,30,KB8,1,2,101,91,134,87,103.25,1032500,103.25,JM
7/26/2019,15,30,KB8,2,2,95,116,111,112,108.5,1085000,108.5,JM
7/26/2019,15,30,KB8,3,2,100,79,95,104,94.5,945000,94.5,JM
7/26/2019,15,30,KB8,4,2,94,101,99,127,105.25,1052500,105.25,JM
7/26/2019,15,30,CCMP2458,1,2,69,72,81,87,77.25,772500,77.25,LG
7/26/2019,15,30,CCMP2458,2,2,66,47,61,69,60.75,607500,60.75,LG
7/26/2019,15,30,CCMP2458,3,2,79,58,65,76,69.5,695000,69.5,LG
7/26/2019,15,30,CCMP2458,4,2,44,69,59,70,60.5,605000,60.5,LG
7/26/2019,15,30,FLCass,1,2,89,112,77,83,90.25,902500,90.25,JM
7/26/2019,15,30,FLCass,2,2,112,124,115,91,110.5,1105000,110.5,JM
7/26/2019,15,30,FLCass,3,2,106,117,137,99,114.75,1147500,114.75,JM
7/26/2019,15,30,FLCass,4,2,153,89,107,138,121.75,1217500,121.75,JM
7/26/2019,15,30,RT362,1,2,60,94,91,69,78.5,785000,78.5,LG
7/26/2019,15,30,RT362,2,2,76,103,93,84,89,890000,89,LG
7/26/2019,15,30,RT362,3,2,71,89,87,87,83.5,835000,83.5,LG
7/26/2019,15,30,RT362,4,2,82,102,78,96,89.5,895000,89.5,LG
7/26/2019,15,30,CCMP2464,1,2,165,125,118,91,124.75,1247500,124.75,JM
7/26/2019,15,30,CCMP2464,2,2,155,91,112,97,113.75,1137500,113.75,JM
7/26/2019,15,30,CCMP2464,3,2,150,114,121,133,129.5,1295000,129.5,JM
7/26/2019,15,30,CCMP2464,4,2,121,100,118,133,118,1180000,118,JM
7/26/2019,15,32,KB8,1,2,71,73,88,89,80.25,802500,80.25,JM
7/26/2019,15,32,KB8,2,2,78,91,99,77,86.25,862500,86.25,JM
7/26/2019,15,32,KB8,3,2,71,78,60,70,69.75,697500,69.75,JM
7/26/2019,15,32,KB8,4,2,71,93,69,93,81.5,815000,81.5,JM
7/26/2019,15,32,CCMP2458,1,2,61,51,57,35,51,510000,51,LG
7/26/2019,15,32,CCMP2458,2,2,42,68,51,82,60.75,607500,60.75,LG
7/26/2019,15,32,CCMP2458,3,2,57,63,73,52,61.25,612500,61.25,LG
7/26/2019,15,32,CCMP2458,4,2,53,58,48,30,47.25,472500,47.25,LG
7/26/2019,15,32,FLCass,1,2,89,85,95,85,88.5,885000,88.5,JM
7/26/2019,15,32,FLCass,2,2,107,93,80,84,91,910000,91,JM
7/26/2019,15,32,FLCass,3,2,93,76,98,59,81.5,815000,81.5,JM
7/26/2019,15,32,FLCass,4,2,75,82,70,59,71.5,715000,71.5,JM
7/26/2019,15,32,RT362,1,2,50,67,44,58,54.75,547500,54.75,LG
7/26/2019,15,32,RT362,2,2,83,45,79,83,72.5,725000,72.5,LG
7/26/2019,15,32,RT362,3,2,77,50,64,80,67.75,677500,67.75,LG
7/26/2019,15,32,RT362,4,2,96,62,88,82,82,820000,82,LG
7/26/2019,15,32,CCMP2464,1,2,76,119,109,108,103,1030000,103,JM
7/26/2019,15,32,CCMP2464,2,2,121,135,86,93,108.75,1087500,108.75,JM
7/26/2019,15,32,CCMP2464,3,2,151,75,109,113,112,1120000,112,JM
7/26/2019,15,32,CCMP2464,4,2,88,107,108,87,97.5,975000,97.5,JM
7/29/2019,18,26,KB8,1,2,86,108,111,121,106.5,1065000,106.5,JM
7/29/2019,18,26,KB8,2,2,81,105,129,116,107.75,1077500,107.75,JM
7/29/2019,18,26,KB8,3,2,70,106,84,90,87.5,875000,87.5,JM
7/29/2019,18,26,KB8,4,2,94,101,73,116,96,960000,96,JM
7/29/2019,18,26,CCMP2458,1,2,58,38,51,45,48,480000,48,LG
7/29/2019,18,26,CCMP2458,2,2,79,69,51,58,64.25,642500,64.25,LG
7/29/2019,18,26,CCMP2458,3,2,48,54,51,52,51.25,512500,51.25,LG
7/29/2019,18,26,CCMP2458,4,2,60,44,47,43,48.5,485000,48.5,LG
7/29/2019,18,26,FLCass,1,2,,,,,#DIV/0!,#DIV/0!,#DIV/0!,JM
7/29/2019,18,26,FLCass,2,2,95,146,71,75,96.75,967500,96.75,JM
7/29/2019,18,26,FLCass,3,2,79,130,61,95,91.25,912500,91.25,JM
7/29/2019,18,26,FLCass,4,2,35,77,81,43,59,590000,59,JM
7/29/2019,18,26,RT362,1,2,85,88,136,50,89.75,897500,89.75,LG
7/29/2019,18,26,RT362,2,2,82,78,58,80,74.5,745000,74.5,LG
7/29/2019,18,26,RT362,3,2,70,62,75,48,63.75,637500,63.75,LG
7/29/2019,18,26,RT362,4,2,106,90,72,73,85.25,852500,85.25,LG
7/29/2019,18,26,CCMP2464,1,2,69,63,74,84,72.5,725000,72.5,LG
7/29/2019,18,26,CCMP2464,2,2,68,41,56,65,57.5,575000,57.5,LG
7/29/2019,18,26,CCMP2464,3,2,62,55,67,73,64.25,642500,64.25,LG
7/29/2019,18,26,CCMP2464,4,2,76,56,39,67,59.5,595000,59.5,LG
7/29/2019,18,30,KB8,1,2,123,104,117,99,110.75,1107500,110.75,JM
7/29/2019,18,30,KB8,2,2,121,118,111,101,112.75,1127500,112.75,JM
7/29/2019,18,30,KB8,3,2,120,134,122,166,135.5,1355000,135.5,JM
7/29/2019,18,30,KB8,4,2,166,130,111,126,133.25,1332500,133.25,JM
7/29/2019,18,30,CCMP2458,1,2,114,124,74,54,91.5,915000,91.5,LG
7/29/2019,18,30,CCMP2458,2,2,79,80,95,84,84.5,845000,84.5,LG
7/29/2019,18,30,CCMP2458,3,2,54,95,70,57,69,690000,69,LG
7/29/2019,18,30,CCMP2458,4,2,89,55,78,86,77,770000,77,LG
7/29/2019,18,30,FLCass,1,2,91,93,75,86,86.25,862500,86.25,JM
7/29/2019,18,30,FLCass,2,2,67,73,108,98,86.5,865000,86.5,JM
7/29/2019,18,30,FLCass,3,2,77,79,81,97,83.5,835000,83.5,JM
7/29/2019,18,30,FLCass,4,2,77,69,139,124,102.25,1022500,102.25,JM
7/29/2019,18,30,RT362,1,2,92,85,37,78,73,730000,73,LG
7/29/2019,18,30,RT362,2,2,68,84,74,77,75.75,757500,75.75,LG
7/29/2019,18,30,RT362,3,2,62,69,67,65,65.75,657500,65.75,LG
7/29/2019,18,30,RT362,4,2,86,92,72,85,83.75,837500,83.75,LG
7/29/2019,18,30,CCMP2464,1,2,95,129,64,101,97.25,972500,97.25,LG
7/29/2019,18,30,CCMP2464,2,2,133,88,151,154,131.5,1315000,131.5,LG
7/29/2019,18,30,CCMP2464,3,2,110,128,135,133,126.5,1265000,126.5,LG
7/29/2019,18,30,CCMP2464,4,2,118,115,117,144,123.5,1235000,123.5,LG
7/29/2019,18,32,KB8,1,2,107,106,138,101,113,1130000,113,JM
7/29/2019,18,32,KB8,2,2,103,89,149,128,117.25,1172500,117.25,JM
7/29/2019,18,32,KB8,3,2,129,98,94,127,112,1120000,112,JM
7/29/2019,18,32,KB8,4,2,87,87,103,104,95.25,952500,95.25,JM
7/29/2019,18,32,CCMP2458,1,2,57,56,56,72,60.25,602500,60.25,LG
7/29/2019,18,32,CCMP2458,2,2,63,75,57,52,61.75,617500,61.75,LG
7/29/2019,18,32,CCMP2458,3,2,50,63,55,71,59.75,597500,59.75,LG
7/29/2019,18,32,CCMP2458,4,2,53,62,67,46,57,570000,57,LG
7/29/2019,18,32,FLCass,1,2,57,55,76,64,63,630000,63,LG
7/29/2019,18,32,FLCass,2,2,75,62,76,57,67.5,675000,67.5,LG
7/29/2019,18,32,FLCass,3,2,61,65,51,34,52.75,527500,52.75,LG
7/29/2019,18,32,FLCass,4,2,36,40,35,41,38,380000,38,LG
7/29/2019,18,32,RT362,1,2,67,47,79,86,69.75,697500,69.75,LG
7/29/2019,18,32,RT362,2,2,60,84,67,93,76,760000,76,LG
7/29/2019,18,32,RT362,3,2,81,80,52,76,72.25,722500,72.25,LG
7/29/2019,18,32,RT362,4,2,76,66,57,81,70,700000,70,LG
7/29/2019,18,32,CCMP2464,1,2,117,136,60,110,105.75,1057500,105.75,LG
7/29/2019,18,32,CCMP2464,2,2,113,97,88,121,104.75,1047500,104.75,LG
7/29/2019,18,32,CCMP2464,3,2,142,112,119,120,123.25,1232500,123.25,LG
7/29/2019,18,32,CCMP2464,4,2,102,109,109,128,112,1120000,112,LG
7/31/2019,20,26,KB8,1,2,99,71,87,93,87.5,875000,87.5,LG
7/31/2019,20,26,KB8,2,2,70,76,77,81,76,760000,76,LG
7/31/2019,20,26,KB8,3,2,59,57,60,74,62.5,625000,62.5,LG
7/31/2019,20,26,KB8,4,2,106,76,72,83,84.25,842500,84.25,LG
7/31/2019,20,26,CCMP2458,1,2,100,72,109,104,96.25,962500,96.25,JM
7/31/2019,20,26,CCMP2458,2,2,124,155,86,92,114.25,1142500,114.25,JM
7/31/2019,20,26,CCMP2458,3,2,103,116,106,58,95.75,957500,95.75,JM
7/31/2019,20,26,CCMP2458,4,2,127,111,112,103,113.25,1132500,113.25,JM
7/31/2019,20,26,FLCass,1,2,,,,,#DIV/0!,#DIV/0!,#DIV/0!,JM
7/31/2019,20,26,FLCass,2,2,100,118,99,94,102.75,1027500,102.75,JM
7/31/2019,20,26,FLCass,3,2,87,63,95,59,76,760000,76,JM
7/31/2019,20,26,FLCass,4,2,143,112,146,80,120.25,1202500,120.25,JM
7/31/2019,20,26,RT362,1,2,119,160,147,160,146.5,1465000,146.5,JM
7/31/2019,20,26,RT362,2,2,141,150,133,171,148.75,1487500,148.75,JM
7/31/2019,20,26,RT362,3,2,116,117,122,130,121.25,1212500,121.25,JM
7/31/2019,20,26,RT362,4,2,144,131,120,142,134.25,1342500,134.25,JM
7/31/2019,20,26,CCMP2464,1,2,84,100,101,71,89,890000,89,LG
7/31/2019,20,26,CCMP2464,2,2,76,74,69,65,71,710000,71,LG
7/31/2019,20,26,CCMP2464,3,2,78,51,69,49,61.75,617500,61.75,LG
7/31/2019,20,26,CCMP2464,4,2,76,83,81,84,81,810000,81,LG
7/31/2019,20,30,KB8,1,2,122,82,122,102,107,1070000,107,LG
7/31/2019,20,30,KB8,2,2,110,110,116,123,114.75,1147500,114.75,LG
7/31/2019,20,30,KB8,3,2,76,129,149,119,118.25,1182500,118.25,LG
7/31/2019,20,30,KB8,4,2,92,90,187,104,118.25,1182500,118.25,LG
7/31/2019,20,30,CCMP2458,1,2,92,151,138,146,131.75,1317500,131.75,JM
7/31/2019,20,30,CCMP2458,2,2,154,193,125,115,146.75,1467500,146.75,JM
7/31/2019,20,30,CCMP2458,3,2,146,134,143,176,149.75,1497500,149.75,JM
7/31/2019,20,30,CCMP2458,4,2,101,130,121,143,123.75,1237500,123.75,JM
7/31/2019,20,30,FLCass,1,2,65,70,100,83,79.5,795000,79.5,JM
7/31/2019,20,30,FLCass,2,2,74,83,118,66,85.25,852500,85.25,JM
7/31/2019,20,30,FLCass,3,2,94,122,118,86,105,1050000,105,JM
7/31/2019,20,30,FLCass,4,2,105,68,80,90,85.75,857500,85.75,JM
7/31/2019,20,30,RT362,1,2,120,106,76,117,104.75,1047500,104.75,JM
7/31/2019,20,30,RT362,2,2,148,95,131,144,129.5,1295000,129.5,JM
7/31/2019,20,30,RT362,3,2,117,184,133,114,137,1370000,137,JM
7/31/2019,20,30,RT362,4,2,111,85,162,151,127.25,1272500,127.25,JM
7/31/2019,20,30,CCMP2464,1,2,113,140,122,83,114.5,1145000,114.5,LG
7/31/2019,20,30,CCMP2464,2,2,106,66,101,99,93,930000,93,LG
7/31/2019,20,30,CCMP2464,3,2,97,71,117,92,94.25,942500,94.25,LG
7/31/2019,20,30,CCMP2464,4,2,103,101,105,117,106.5,1065000,106.5,LG
7/31/2019,20,32,KB8,1,2,102,116,75,114,101.75,1017500,101.75,LG
7/31/2019,20,32,KB8,2,2,97,101,97,103,99.5,995000,99.5,LG
7/31/2019,20,32,KB8,3,2,98,75,121,117,102.75,1027500,102.75,LG
7/31/2019,20,32,KB8,4,2,103,112,130,127,118,1180000,118,LG
7/31/2019,20,32,CCMP2458,1,2,102,64,125,120,102.75,1027500,102.75,JM
7/31/2019,20,32,CCMP2458,2,2,114,138,150,101,125.75,1257500,125.75,JM
7/31/2019,20,32,CCMP2458,3,2,121,130,114,115,120,1200000,120,JM
7/31/2019,20,32,CCMP2458,4,2,134,93,97,96,105,1050000,105,JM
7/31/2019,20,32,FLCass,1,2,157,74,73,72,94,940000,94,JM
7/31/2019,20,32,FLCass,2,2,79,88,94,62,80.75,807500,80.75,JM
7/31/2019,20,32,FLCass,3,2,72,99,112,62,86.25,862500,86.25,JM
7/31/2019,20,32,FLCass,4,2,103,81,67,47,74.5,745000,74.5,JM
7/31/2019,20,32,RT362,1,2,137,141,96,121,123.75,1237500,123.75,JM
7/31/2019,20,32,RT362,2,2,131,102,97,123,113.25,1132500,113.25,JM
7/31/2019,20,32,RT362,3,2,128,109,144,152,133.25,1332500,133.25,JM
7/31/2019,20,32,RT362,4,2,178,134,126,134,143,1430000,143,JM
7/31/2019,20,32,CCMP2464,1,2,108,67,96,110,95.25,952500,95.25,LG
7/31/2019,20,32,CCMP2464,2,2,82,70,115,87,88.5,885000,88.5,LG
7/31/2019,20,32,CCMP2464,3,2,94,66,114,96,92.5,925000,92.5,LG
7/31/2019,20,32,CCMP2464,4,2,101,122,115,111,112.25,1122500,112.25,LG
