Date,Day,Temp,Genotype,Flask,Method,Count1,C2,C3,C4,C5,C6,C7,C8,C9,C10,Average,Density,Densityx10000
5/20/2019,1,26,FLCass,1,0,24,27,23,22,28,28,25,28,,,25.625,28472.22222,2.847222222
5/20/2019,1,26,FLCass,2,0,20,23,26,20,25,27,17,14,28,25,22.5,25000,2.5
5/20/2019,1,26,FLCass,3,0,12,15,17,17,13,17,17,15,,,15.375,17083.33333,1.708333333
5/20/2019,1,26,FLCass,4,0,15,15,18,19,25,26,26,25,,,21.125,23472.22222,2.347222222
5/20/2019,1,26,CCMP2464,1,0,8,7,14,9,,,,,,,9.5,10555.55556,1.055555556
5/20/2019,1,26,CCMP2464,2,0,5,13,13,20,,,,,,,12.75,14166.66667,1.416666667
5/20/2019,1,26,CCMP2464,3,0,20,14,11,9,,,,,,,13.5,15000,1.5
5/20/2019,1,26,CCMP2464,4,0,8,12,19,21,,,,,,,15,16666.66667,1.666666667
5/20/2019,1,26,KB8,1,0,8,15,18,8,,,,,,,12.25,13611.11111,1.361111111
5/20/2019,1,26,KB8,2,0,2,3,7,16,,,,,,,7,7777.777778,0.777777778
5/20/2019,1,26,KB8,3,0,8,7,8,7,,,,,,,7.5,8333.333333,0.833333333
5/20/2019,1,26,KB8,4,0,9,12,16,19,,,,,,,14,15555.55556,1.555555556
5/20/2019,1,26,CCMP2458,1,0,14,24,31,23,,,,,,,23,25555.55556,2.555555556
5/20/2019,1,26,CCMP2458,2,0,19,17,32,27,,,,,,,23.75,26388.88889,2.638888889
5/20/2019,1,26,CCMP2458,3,0,20,19,22,22,17,,,,,,20,22222.22222,2.222222222
5/20/2019,1,26,CCMP2458,4,0,15,12,37,27,,,,,,,22.75,25277.77778,2.527777778
5/20/2019,1,26,RT362,1,0,18,18,28,17,,,,,,,20.25,22500,2.25
5/20/2019,1,26,RT362,2,0,13,18,19,23,,,,,,,18.25,20277.77778,2.027777778
5/20/2019,1,26,RT362,3,0,18,27,22,18,,,,,,,21.25,23611.11111,2.361111111
5/20/2019,1,26,RT362,4,0,25,17,28,20,,,,,,,22.5,25000,2.5
5/20/2019,1,30,CCMP2458,1,0,36,28,24,30,,,,,,,29.5,32777.77778,3.277777778
5/20/2019,1,30,CCMP2458,2,0,27,27,27,37,,,,,,,29.5,32777.77778,3.277777778
5/20/2019,1,30,CCMP2458,3,0,38,41,35,46,,,,,,,40,44444.44444,4.444444444
5/20/2019,1,30,CCMP2458,4,0,27,31,43,35,,,,,,,34,37777.77778,3.777777778
5/20/2019,1,30,CCMP2464,1,0,3,3,6,8,,,,,,,5,5555.555556,0.555555556
5/20/2019,1,30,CCMP2464,2,0,4,12,10,6,,,,,,,8,8888.888889,0.888888889
5/20/2019,1,30,CCMP2464,3,0,11,9,7,8,,,,,,,8.75,9722.222222,0.972222222
5/20/2019,1,30,CCMP2464,4,0,9,3,5,5,,,,,,,5.5,6111.111111,0.611111111
5/20/2019,1,30,RT362,1,0,28,34,28,29,,,,,,,29.75,33055.55556,3.305555556
5/20/2019,1,30,RT362,2,0,43,37,34,40,,,,,,,38.5,42777.77778,4.277777778
5/20/2019,1,30,RT362,3,0,25,35,18,31,38,39,,,,,31,34444.44444,3.444444444
5/20/2019,1,30,RT362,4,0,15,24,27,23,,,,,,,22.25,24722.22222,2.472222222
5/20/2019,1,30,KB8,1,0,14,15,21,21,,,,,,,17.75,19722.22222,1.972222222
5/20/2019,1,30,KB8,2,0,16,19,18,18,,,,,,,17.75,19722.22222,1.972222222
5/20/2019,1,30,KB8,3,0,13,18,27,28,,,,,,,21.5,23888.88889,2.388888889
5/20/2019,1,30,KB8,4,0,11,11,10,15,,,,,,,11.75,13055.55556,1.305555556
5/20/2019,1,30,FLCass,1,0,25,31,26,19,,,,,,,25.25,28055.55556,2.805555556
5/20/2019,1,30,FLCass,2,0,20,24,32,44,,,,,,,30,33333.33333,3.333333333
5/20/2019,1,30,FLCass,3,0,35,41,45,47,,,,,,,42,46666.66667,4.666666667
5/20/2019,1,30,FLCass,4,0,20,30,43,46,,,,,,,34.75,38611.11111,3.861111111
5/20/2019,1,32,CCMP2458,1,0,5,8,9,15,8,,,,,,9,10000,1
5/20/2019,1,32,CCMP2458,2,0,12,11,14,13,,,,,,,12.5,13888.88889,1.388888889
5/20/2019,1,32,CCMP2458,3,0,14,11,14,14,,,,,,,13.25,14722.22222,1.472222222
5/20/2019,1,32,CCMP2458,4,0,16,11,14,3,,,,,,,11,12222.22222,1.222222222
5/20/2019,1,32,CCMP2464,1,0,8,19,9,5,14,12,,,,,11.16666667,12407.40741,1.240740741
5/20/2019,1,32,CCMP2464,2,0,3,8,7,6,,,,,,,6,6666.666667,0.666666667
5/20/2019,1,32,CCMP2464,3,0,8,9,2,7,,,,,,,6.5,7222.222222,0.722222222
5/20/2019,1,32,CCMP2464,4,0,5,10,11,7,,,,,,,8.25,9166.666667,0.916666667
5/20/2019,1,32,RT362,1,0,13,17,10,8,,,,,,,12,13333.33333,1.333333333
5/20/2019,1,32,RT362,2,0,11,17,13,13,,,,,,,13.5,15000,1.5
5/20/2019,1,32,RT362,3,0,14,20,17,15,,,,,,,16.5,18333.33333,1.833333333
5/20/2019,1,32,RT362,4,0,15,9,17,9,,,,,,,12.5,13888.88889,1.388888889
5/20/2019,1,32,KB8,1,0,2,4,14,5,8,14,,,,,7.833333333,8703.703704,0.87037037
5/20/2019,1,32,KB8,2,0,6,7,0,8,,,,,,,5.25,5833.333333,0.583333333
5/20/2019,1,32,KB8,3,0,6,3,14,6,,,,,,,7.25,8055.555556,0.805555556
5/20/2019,1,32,KB8,4,0,2,4,3,3,,,,,,,3,3333.333333,0.333333333
5/20/2019,1,32,FLCass,1,0,10,10,12,13,,,,,,,11.25,12500,1.25
5/20/2019,1,32,FLCass,2,0,28,25,22,20,,,,,,,23.75,26388.88889,2.638888889
5/20/2019,1,32,FLCass,3,0,36,19,29,22,,,,,,,26.5,29444.44444,2.944444444
5/20/2019,1,32,FLCass,4,0,14,19,25,28,,,,,,,21.5,23888.88889,2.388888889
5/22/2019,3,26,CCMP2458,1,0,59,53,44,45,,,,,,,50.25,55833.33333,5.583333333
5/22/2019,3,26,CCMP2458,2,0,60,70,66,64,,,,,,,65,72222.22222,7.222222222
5/22/2019,3,26,CCMP2458,3,0,39,52,72,41,,,,,,,51,56666.66667,5.666666667
5/22/2019,3,26,CCMP2458,4,0,41,42,47,51,,,,,,,45.25,50277.77778,5.027777778
5/22/2019,3,26,KB8,1,0,24,35,27,23,,,,,,,27.25,30277.77778,3.027777778
5/22/2019,3,26,KB8,2,0,14,19,16,24,,,,,,,18.25,20277.77778,2.027777778
5/22/2019,3,26,KB8,3,0,39,23,30,34,,,,,,,31.5,35000,3.5
5/22/2019,3,26,KB8,4,0,31,16,30,22,,,,,,,24.75,27500,2.75
5/22/2019,3,26,FLCass,1,0,39,39,59,45,,,,,,,45.5,50555.55556,5.055555556
5/22/2019,3,26,FLCass,2,0,39,38,54,70,,,,,,,50.25,55833.33333,5.583333333
5/22/2019,3,26,FLCass,3,0,31,42,52,48,,,,,,,43.25,48055.55556,4.805555556
5/22/2019,3,26,FLCass,4,0,42,44,56,47,,,,,,,47.25,52500,5.25
5/22/2019,3,26,RT362,1,0,58,73,66,70,,,,,,,66.75,74166.66667,7.416666667
5/22/2019,3,26,RT362,2,0,92,70,81,62,,,,,,,76.25,84722.22222,8.472222222
5/22/2019,3,26,RT362,3,0,75,64,79,53,,,,,,,67.75,75277.77778,7.527777778
5/22/2019,3,26,RT362,4,0,49,44,84,47,41,66,,,,,55.16666667,61296.2963,6.12962963
5/22/2019,3,26,CCMP2464,1,0,14,5,5,7,,,,,,,7.75,8611.111111,0.861111111
5/22/2019,3,26,CCMP2464,2,0,10,15,12,10,,,,,,,11.75,13055.55556,1.305555556
5/22/2019,3,26,CCMP2464,3,0,14,3,4,13,,,,,,,8.5,9444.444444,0.944444444
5/22/2019,3,26,CCMP2464,4,0,10,16,12,8,,,,,,,11.5,12777.77778,1.277777778
5/22/2019,3,30,RT362,1,0,105,99,70,78,,,,,,,88,97777.77778,9.777777778
5/22/2019,3,30,RT362,2,0,94,77,93,106,,,,,,,92.5,102777.7778,10.27777778
5/22/2019,3,30,RT362,3,0,123,69,94,91,,,,,,,94.25,104722.2222,10.47222222
5/22/2019,3,30,RT362,4,0,106,132,110,119,,,,,,,116.75,129722.2222,12.97222222
5/22/2019,3,30,FLCass,1,0,93,95,95,116,,,,,,,99.75,110833.3333,11.08333333
5/22/2019,3,30,FLCass,2,0,111,135,80,94,,,,,,,105,116666.6667,11.66666667
5/22/2019,3,30,FLCass,3,0,92,102,106,95,,,,,,,98.75,109722.2222,10.97222222
5/22/2019,3,30,FLCass,4,0,96,112,139,120,,,,,,,116.75,129722.2222,12.97222222
5/22/2019,3,30,KB8,1,0,47,55,47,57,,,,,,,51.5,57222.22222,5.722222222
5/22/2019,3,30,KB8,2,0,66,46,51,51,,,,,,,53.5,59444.44444,5.944444444
5/22/2019,3,30,KB8,3,0,61,60,59,60,,,,,,,60,66666.66667,6.666666667
5/22/2019,3,30,KB8,4,0,42,21,30,42,,,,,,,33.75,37500,3.75
5/22/2019,3,30,CCMP2464,1,0,14,13,8,8,,,,,,,10.75,11944.44444,1.194444444
5/22/2019,3,30,CCMP2464,2,0,14,17,17,22,,,,,,,17.5,19444.44444,1.944444444
5/22/2019,3,30,CCMP2464,3,0,11,18,19,17,,,,,,,16.25,18055.55556,1.805555556
5/22/2019,3,30,CCMP2464,4,0,21,16,15,10,,,,,,,15.5,17222.22222,1.722222222
5/22/2019,3,30,CCMP2458,1,0,90,90,80,96,,,,,,,89,98888.88889,9.888888889
5/22/2019,3,30,CCMP2458,2,0,94,96,99,124,,,,,,,103.25,114722.2222,11.47222222
5/22/2019,3,30,CCMP2458,3,0,79,89,85,85,,,,,,,84.5,93888.88889,9.388888889
5/22/2019,3,30,CCMP2458,4,0,86,85,89,79,,,,,,,84.75,94166.66667,9.416666667
5/22/2019,3,32,RT362,1,0,36,32,33,46,,,,,,,36.75,40833.33333,4.083333333
5/22/2019,3,32,RT362,2,0,24,34,46,42,,,,,,,36.5,40555.55556,4.055555556
5/22/2019,3,32,RT362,3,0,31,35,38,48,,,,,,,38,42222.22222,4.222222222
5/22/2019,3,32,RT362,4,0,29,35,38,29,,,,,,,32.75,36388.88889,3.638888889
5/22/2019,3,32,CCMP2458,1,0,26,27,23,29,,,,,,,26.25,29166.66667,2.916666667
5/22/2019,3,32,CCMP2458,2,0,28,35,22,30,,,,,,,28.75,31944.44444,3.194444444
5/22/2019,3,32,CCMP2458,3,0,29,26,26,26,,,,,,,26.75,29722.22222,2.972222222
5/22/2019,3,32,CCMP2458,4,0,38,31,9,28,,,,,,,26.5,29444.44444,2.944444444
5/22/2019,3,32,FLCass,1,0,13,16,30,53,,,,,,,28,31111.11111,3.111111111
5/22/2019,3,32,FLCass,2,0,97,71,28,33,,,,,,,57.25,63611.11111,6.361111111
5/22/2019,3,32,FLCass,3,0,18,44,34,46,,,,,,,35.5,39444.44444,3.944444444
5/22/2019,3,32,FLCass,4,0,13,36,50,19,,,,,,,29.5,32777.77778,3.277777778
5/22/2019,3,32,KB8,1,0,8,18,7,20,,,,,,,13.25,14722.22222,1.472222222
5/22/2019,3,32,KB8,2,0,15,19,29,12,,,,,,,18.75,20833.33333,2.083333333
5/22/2019,3,32,KB8,3,0,11,8,18,16,,,,,,,13.25,14722.22222,1.472222222
5/22/2019,3,32,KB8,4,0,6,4,12,14,,,,,,,9,10000,1
5/22/2019,3,32,CCMP2464,1,0,8,10,11,4,,,,,,,8.25,9166.666667,0.916666667
5/22/2019,3,32,CCMP2464,2,0,6,16,8,11,,,,,,,10.25,11388.88889,1.138888889
5/22/2019,3,32,CCMP2464,3,0,9,8,11,6,,,,,,,8.5,9444.444444,0.944444444
5/22/2019,3,32,CCMP2464,4,0,9,8,10,4,,,,,,,7.75,8611.111111,0.861111111
5/24/2019,5,26,CCMP2464,1,0,9,12,11,12,,,,,,,11,12222.22222,1.222222222
5/24/2019,5,26,CCMP2464,2,0,7,5,11,8,,,,,,,7.75,8611.111111,0.861111111
5/24/2019,5,26,CCMP2464,3,0,14,6,11,7,,,,,,,9.5,10555.55556,1.055555556
5/24/2019,5,26,CCMP2464,4,0,8,7,9,11,,,,,,,8.75,9722.222222,0.972222222
5/24/2019,5,26,CCMP2458,1,0,104,123,99,175,,,,,,,125.25,139166.6667,13.91666667
5/24/2019,5,26,CCMP2458,2,0,101,100,73,119,,,,,,,98.25,109166.6667,10.91666667
5/24/2019,5,26,CCMP2458,3,0,83,93,108,99,,,,,,,95.75,106388.8889,10.63888889
5/24/2019,5,26,CCMP2458,4,0,68,67,98,65,,,,,,,74.5,82777.77778,8.277777778
5/24/2019,5,26,FLCass,1,0,92,92,137,140,,,,,,,115.25,128055.5556,12.80555556
5/24/2019,5,26,FLCass,2,0,97,97,122,247,,,,,,,140.75,156388.8889,15.63888889
5/24/2019,5,26,FLCass,3,0,121,96,143,149,,,,,,,127.25,141388.8889,14.13888889
5/24/2019,5,26,FLCass,4,0,109,126,120,92,,,,,,,111.75,124166.6667,12.41666667
5/24/2019,5,26,KB8,1,0,84,72,50,82,,,,,,,72,80000,8
5/24/2019,5,26,KB8,2,0,46,52,39,58,,,,,,,48.75,54166.66667,5.416666667
5/24/2019,5,26,KB8,3,0,43,51,58,62,,,,,,,53.5,59444.44444,5.944444444
5/24/2019,5,26,KB8,4,0,90,99,52,51,,,,,,,73,81111.11111,8.111111111
5/24/2019,5,26,RT362,1,0,199,149,153,164,,,,,,,166.25,184722.2222,18.47222222
5/24/2019,5,26,RT362,2,0,163,133,172,117,,,,,,,146.25,162500,16.25
5/24/2019,5,26,RT362,3,0,149,105,128,148,,,,,,,132.5,147222.2222,14.72222222
5/24/2019,5,26,RT362,4,0,127,157,165,139,,,,,,,147,163333.3333,16.33333333
5/24/2019,5,30,CCMP2458,1,0,239,226,212,249,,,,,,,231.5,257222.2222,25.72222222
5/24/2019,5,30,CCMP2458,2,0,201,221,232,200,,,,,,,213.5,237222.2222,23.72222222
5/24/2019,5,30,CCMP2458,3,0,262,241,234,271,,,,,,,252,280000,28
5/24/2019,5,30,CCMP2458,4,0,265,257,205,248,,,,,,,243.75,270833.3333,27.08333333
5/24/2019,5,30,FLCass,1,1,75,53,80,66,,,,,,,68.5,171250,17.125
5/24/2019,5,30,FLCass,2,1,80,87,79,97,,,,,,,85.75,214375,21.4375
5/24/2019,5,30,FLCass,3,0,155,127,150,177,,,,,,,152.25,169166.6667,16.91666667
5/24/2019,5,30,FLCass,4,1,67,80,60,81,,,,,,,72,180000,18
5/24/2019,5,30,KB8,1,0,155,142,170,159,,,,,,,156.5,173888.8889,17.38888889
5/24/2019,5,30,KB8,2,0,146,151,156,128,,,,,,,145.25,161388.8889,16.13888889
5/24/2019,5,30,KB8,3,0,156,151,153,155,,,,,,,153.75,170833.3333,17.08333333
5/24/2019,5,30,KB8,4,0,76,71,68,90,,,,,,,76.25,84722.22222,8.472222222
5/24/2019,5,30,CCMP2464,1,0,10,8,16,4,,,,,,,9.5,10555.55556,1.055555556
5/24/2019,5,30,CCMP2464,2,0,11,12,5,10,,,,,,,9.5,10555.55556,1.055555556
5/24/2019,5,30,CCMP2464,3,0,8,10,16,6,,,,,,,10,11111.11111,1.111111111
5/24/2019,5,30,CCMP2464,4,0,11,10,9,3,,,,,,,8.25,9166.666667,0.916666667
5/24/2019,5,30,RT362,1,0,190,182,145,181,,,,,,,174.5,193888.8889,19.38888889
5/24/2019,5,30,RT362,2,0,248,227,191,219,,,,,,,221.25,245833.3333,24.58333333
5/24/2019,5,30,RT362,3,0,245,210,213,261,,,,,,,232.25,258055.5556,25.80555556
5/24/2019,5,30,RT362,4,0,237,232,254,191,,,,,,,228.5,253888.8889,25.38888889
5/24/2019,5,32,CCMP2458,1,0,57,74,46,60,,,,,,,59.25,65833.33333,6.583333333
5/24/2019,5,32,CCMP2458,2,0,84,60,57,83,,,,,,,71,78888.88889,7.888888889
5/24/2019,5,32,CCMP2458,3,0,58,46,65,54,,,,,,,55.75,61944.44444,6.194444444
5/24/2019,5,32,CCMP2458,4,0,71,57,58,74,,,,,,,65,72222.22222,7.222222222
5/24/2019,5,32,RT362,1,0,93,90,78,91,,,,,,,88,97777.77778,9.777777778
5/24/2019,5,32,RT362,2,0,103,79,116,83,,,,,,,95.25,105833.3333,10.58333333
5/24/2019,5,32,RT362,3,0,122,122,117,103,,,,,,,116,128888.8889,12.88888889
5/24/2019,5,32,RT362,4,0,94,111,95,108,,,,,,,102,113333.3333,11.33333333
5/24/2019,5,32,FLCass,1,0,35,52,28,32,,,,,,,36.75,40833.33333,4.083333333
5/24/2019,5,32,FLCass,2,0,56,53,45,71,,,,,,,56.25,62500,6.25
5/24/2019,5,32,FLCass,3,0,95,96,110,101,,,,,,,100.5,111666.6667,11.16666667
5/24/2019,5,32,FLCass,4,0,128,62,55,72,,,,,,,79.25,88055.55556,8.805555556
5/24/2019,5,32,CCMP2464,1,0,8,6,11,12,,,,,,,9.25,10277.77778,1.027777778
5/24/2019,5,32,CCMP2464,2,0,14,11,10,6,,,,,,,10.25,11388.88889,1.138888889
5/24/2019,5,32,CCMP2464,3,0,3,1,2,4,,,,,,,2.5,2777.777778,0.277777778
5/24/2019,5,32,CCMP2464,4,0,10,9,14,12,,,,,,,11.25,12500,1.25
5/24/2019,5,32,KB8,1,0,19,21,14,20,,,,,,,18.5,20555.55556,2.055555556
5/24/2019,5,32,KB8,2,0,21,28,36,46,,,,,,,32.75,36388.88889,3.638888889
5/24/2019,5,32,KB8,3,0,28,14,26,23,,,,,,,22.75,25277.77778,2.527777778
5/24/2019,5,32,KB8,4,0,12,7,15,30,,,,,,,16,17777.77778,1.777777778
5/27/2019,8,26,KB8,1,1,69,94,90,99,,,,,,,88,220000,22
5/27/2019,8,26,KB8,2,1,76,75,52,47,,,,,,,62.5,156250,15.625
5/27/2019,8,26,KB8,3,1,64,61,74,65,,,,,,,66,165000,16.5
5/27/2019,8,26,KB8,4,1,85,90,59,87,,,,,,,80.25,200625,20.0625
5/27/2019,8,26,FLCass,1,1,144,128,92,87,,,,,,,112.75,281875,28.1875
5/27/2019,8,26,FLCass,2,1,118,127,92,87,,,,,,,106,265000,26.5
5/27/2019,8,26,FLCass,3,1,124,113,116,117,,,,,,,117.5,293750,29.375
5/27/2019,8,26,FLCass,4,0,145,285,165,192,,,,,,,196.75,218611.1111,21.86111111
5/27/2019,8,26,CCMP2464,1,0,18,14,17,9,,,,,,,14.5,16111.11111,1.611111111
5/27/2019,8,26,CCMP2464,2,0,11,10,12,14,,,,,,,11.75,13055.55556,1.305555556
5/27/2019,8,26,CCMP2464,3,0,7,14,16,16,,,,,,,13.25,14722.22222,1.472222222
5/27/2019,8,26,CCMP2464,4,0,12,14,15,9,,,,,,,12.5,13888.88889,1.388888889
5/27/2019,8,26,RT362,1,2,28,29,35,51,,,,,,,35.75,357500,35.75
5/27/2019,8,26,RT362,2,2,54,40,41,50,,,,,,,46.25,462500,46.25
5/27/2019,8,26,RT362,3,2,32,38,38,42,,,,,,,37.5,375000,37.5
5/27/2019,8,26,RT362,4,2,44,37,39,24,,,,,,,36,360000,36
5/27/2019,8,26,CCMP2458,1,0,217,253,269,229,,,,,,,242,268888.8889,26.88888889
5/27/2019,8,26,CCMP2458,2,0,243,274,253,229,,,,,,,249.75,277500,27.75
5/27/2019,8,26,CCMP2458,3,0,226,185,157,224,,,,,,,198,220000,22
5/27/2019,8,26,CCMP2458,4,0,185,179,201,274,,,,,,,209.75,233055.5556,23.30555556
5/27/2019,8,30,RT362,1,2,48,37,65,64,,,,,,,53.5,535000,53.5
5/27/2019,8,30,RT362,2,2,53,58,69,54,,,,,,,58.5,585000,58.5
5/27/2019,8,30,RT362,3,2,49,63,53,69,,,,,,,58.5,585000,58.5
5/27/2019,8,30,RT362,4,2,40,55,49,64,,,,,,,52,520000,52
5/27/2019,8,30,CCMP2458,1,2,59,58,49,63,,,,,,,57.25,572500,57.25
5/27/2019,8,30,CCMP2458,2,2,61,66,52,45,,,,,,,56,560000,56
5/27/2019,8,30,CCMP2458,3,2,57,64,53,79,,,,,,,63.25,632500,63.25
5/27/2019,8,30,CCMP2458,4,2,65,69,68,63,,,,,,,66.25,662500,66.25
5/27/2019,8,30,FLCass,1,2,41,52,60,38,,,,,,,47.75,477500,47.75
5/27/2019,8,30,FLCass,2,2,31,61,30,51,,,,,,,43.25,432500,43.25
5/27/2019,8,30,FLCass,3,2,36,43,30,96,,,,,,,51.25,512500,51.25
5/27/2019,8,30,FLCass,4,2,47,37,47,40,,,,,,,42.75,427500,42.75
5/27/2019,8,30,CCMP2464,1,0,6,6,15,12,,,,,,,9.75,10833.33333,1.083333333
5/27/2019,8,30,CCMP2464,2,0,9,8,8,14,,,,,,,9.75,10833.33333,1.083333333
5/27/2019,8,30,CCMP2464,3,0,9,12,16,13,,,,,,,12.5,13888.88889,1.388888889
5/27/2019,8,30,CCMP2464,4,0,18,12,13,11,,,,,,,13.5,15000,1.5
5/27/2019,8,30,KB8,1,2,83,67,72,76,,,,,,,74.5,745000,74.5
5/27/2019,8,30,KB8,2,2,39,70,64,77,,,,,,,62.5,625000,62.5
5/27/2019,8,30,KB8,3,2,49,76,49,66,,,,,,,60,600000,60
5/27/2019,8,30,KB8,4,2,30,47,63,50,,,,,,,47.5,475000,47.5
5/27/2019,8,32,CCMP2458,1,0,190,217,232,204,,,,,,,210.75,234166.6667,23.41666667
5/27/2019,8,32,CCMP2458,2,0,165,214,235,189,,,,,,,200.75,223055.5556,22.30555556
5/27/2019,8,32,CCMP2458,3,0,254,202,253,168,,,,,,,219.25,243611.1111,24.36111111
5/27/2019,8,32,CCMP2458,4,0,158,171,214,189,,,,,,,183,203333.3333,20.33333333
5/27/2019,8,32,FLCass,1,0,130,141,191,163,,,,,,,156.25,173611.1111,17.36111111
5/27/2019,8,32,FLCass,2,0,188,187,173,165,,,,,,,178.25,198055.5556,19.80555556
5/27/2019,8,32,FLCass,3,1,149,78,84,106,,,,,,,104.25,260625,26.0625
5/27/2019,8,32,FLCass,4,0,83,64,76,89,,,,,,,78,86666.66667,8.666666667
5/27/2019,8,32,CCMP2464,1,0,5,3,3,8,,,,,,,4.75,5277.777778,0.527777778
5/27/2019,8,32,CCMP2464,2,0,8,4,6,4,,,,,,,5.5,6111.111111,0.611111111
5/27/2019,8,32,CCMP2464,3,0,2,3,1,4,,,,,,,2.5,2777.777778,0.277777778
5/27/2019,8,32,CCMP2464,4,0,11,9,6,4,,,,,,,7.5,8333.333333,0.833333333
5/27/2019,8,32,RT362,1,1,91,98,105,97,,,,,,,97.75,244375,24.4375
5/27/2019,8,32,RT362,2,1,120,113,112,116,,,,,,,115.25,288125,28.8125
5/27/2019,8,32,RT362,3,1,133,111,112,109,,,,,,,116.25,290625,29.0625
5/27/2019,8,32,RT362,4,1,110,114,130,110,,,,,,,116,290000,29
5/27/2019,8,32,KB8,1,0,77,48,77,59,,,,,,,65.25,72500,7.25
5/27/2019,8,32,KB8,2,0,82,87,118,107,,,,,,,98.5,109444.4444,10.94444444
5/27/2019,8,32,KB8,3,0,57,88,72,57,,,,,,,68.5,76111.11111,7.611111111
5/27/2019,8,32,KB8,4,0,23,45,50,31,,,,,,,37.25,41388.88889,4.138888889
5/29/2019,10,26,CCMP2464,1,0,7,11,3,6,,,,,,,6.75,7500,0.75
5/29/2019,10,26,CCMP2464,2,0,3,9,6,8,,,,,,,6.5,7222.222222,0.722222222
5/29/2019,10,26,CCMP2464,3,0,6,9,7,9,,,,,,,7.75,8611.111111,0.861111111
5/29/2019,10,26,CCMP2464,4,0,8,9,7,5,,,,,,,7.25,8055.555556,0.805555556
5/29/2019,10,26,KB8,1,2,52,32,55,42,,,,,,,45.25,452500,45.25
5/29/2019,10,26,KB8,2,2,23,34,33,34,,,,,,,31,310000,31
5/29/2019,10,26,KB8,3,2,38,48,26,38,,,,,,,37.5,375000,37.5
5/29/2019,10,26,KB8,4,2,37,31,36,24,,,,,,,32,320000,32
5/29/2019,10,26,RT362,1,2,55,67,55,47,,,,,,,56,560000,56
5/29/2019,10,26,RT362,2,2,61,41,92,63,,,,,,,64.25,642500,64.25
5/29/2019,10,26,RT362,3,2,78,74,48,53,,,,,,,63.25,632500,63.25
5/29/2019,10,26,RT362,4,2,34,86,62,73,,,,,,,63.75,637500,63.75
5/29/2019,10,26,FLCass,1,2,30,21,27,67,,,,,,,36.25,362500,36.25
5/29/2019,10,26,FLCass,2,1,77,68,93,94,,,,,,,83,207500,20.75
5/29/2019,10,26,FLCass,3,1,113,91,95,95,,,,,,,98.5,246250,24.625
5/29/2019,10,26,FLCass,4,1,68,65,81,81,,,,,,,73.75,184375,18.4375
5/29/2019,10,26,CCMP2458,1,2,35,47,37,47,,,,,,,41.5,415000,41.5
5/29/2019,10,26,CCMP2458,2,2,36,44,58,36,,,,,,,43.5,435000,43.5
5/29/2019,10,26,CCMP2458,3,2,42,42,55,37,,,,,,,44,440000,44
5/29/2019,10,26,CCMP2458,4,2,42,45,48,30,,,,,,,41.25,412500,41.25
5/29/2019,10,30,CCMP2464,1,0,17,7,4,10,,,,,,,9.5,10555.55556,1.055555556
5/29/2019,10,30,CCMP2464,2,0,8,4,9,5,,,,,,,6.5,7222.222222,0.722222222
5/29/2019,10,30,CCMP2464,3,0,3,5,5,5,,,,,,,4.5,5000,0.5
5/29/2019,10,30,CCMP2464,4,0,7,4,6,4,,,,,,,5.25,5833.333333,0.583333333
5/29/2019,10,30,CCMP2458,1,2,102,75,72,81,,,,,,,82.5,825000,82.5
5/29/2019,10,30,CCMP2458,2,2,86,70,88,115,,,,,,,89.75,897500,89.75
5/29/2019,10,30,CCMP2458,3,2,78,78,95,84,,,,,,,83.75,837500,83.75
5/29/2019,10,30,CCMP2458,4,2,76,106,76,72,,,,,,,82.5,825000,82.5
5/29/2019,10,30,KB8,1,2,81,49,86,90,,,,,,,76.5,765000,76.5
5/29/2019,10,30,KB8,2,2,95,52,79,85,,,,,,,77.75,777500,77.75
5/29/2019,10,30,KB8,3,2,69,61,73,70,,,,,,,68.25,682500,68.25
5/29/2019,10,30,KB8,4,2,83,72,74,65,,,,,,,73.5,735000,73.5
5/29/2019,10,30,FLCass,1,2,56,58,61,46,,,,,,,55.25,552500,55.25
5/29/2019,10,30,FLCass,2,2,38,49,60,33,,,,,,,45,450000,45
5/29/2019,10,30,FLCass,3,2,54,54,41,43,,,,,,,48,480000,48
5/29/2019,10,30,FLCass,4,2,61,45,76,73,,,,,,,63.75,637500,63.75
5/29/2019,10,30,RT362,1,2,67,87,86,67,,,,,,,76.75,767500,76.75
5/29/2019,10,30,RT362,2,2,55,48,78,57,,,,,,,59.5,595000,59.5
5/29/2019,10,30,RT362,3,2,61,62,77,53,,,,,,,63.25,632500,63.25
5/29/2019,10,30,RT362,4,2,82,51,55,47,,,,,,,58.75,587500,58.75
5/29/2019,10,32,CCMP2464,1,0,7,7,4,8,,,,,,,6.5,7222.222222,0.722222222
5/29/2019,10,32,CCMP2464,2,0,5,4,4,12,,,,,,,6.25,6944.444444,0.694444444
5/29/2019,10,32,CCMP2464,3,0,1,0,0,4,,,,,,,1.25,1388.888889,0.138888889
5/29/2019,10,32,CCMP2464,4,0,7,5,4,4,,,,,,,5,5555.555556,0.555555556
5/29/2019,10,32,KB8,1,0,92,84,86,150,,,,,,,103,114444.4444,11.44444444
5/29/2019,10,32,KB8,2,0,99,178,153,125,,,,,,,138.75,154166.6667,15.41666667
5/29/2019,10,32,KB8,3,0,102,96,103,111,,,,,,,103,114444.4444,11.44444444
5/29/2019,10,32,KB8,4,0,59,63,50,54,,,,,,,56.5,62777.77778,6.277777778
5/29/2019,10,32,CCMP2458,1,2,30,28,34,87,,,,,,,44.75,447500,44.75
5/29/2019,10,32,CCMP2458,2,2,36,33,37,47,,,,,,,38.25,382500,38.25
5/29/2019,10,32,CCMP2458,3,2,36,38,27,23,,,,,,,31,310000,31
5/29/2019,10,32,CCMP2458,4,2,21,28,52,25,,,,,,,31.5,315000,31.5
5/29/2019,10,32,FLCass,1,1,93,94,71,89,,,,,,,86.75,216875,21.6875
5/29/2019,10,32,FLCass,2,1,83,108,103,79,,,,,,,93.25,233125,23.3125
5/29/2019,10,32,FLCass,3,1,104,105,113,120,,,,,,,110.5,276250,27.625
5/29/2019,10,32,FLCass,4,1,60,63,69,36,,,,,,,57,142500,14.25
5/29/2019,10,32,RT362,1,2,34,35,37,42,,,,,,,37,370000,37
5/29/2019,10,32,RT362,2,2,41,49,51,50,,,,,,,47.75,477500,47.75
5/29/2019,10,32,RT362,3,2,52,50,35,43,,,,,,,45,450000,45
5/29/2019,10,32,RT362,4,2,41,44,53,27,,,,,,,41.25,412500,41.25
5/31/2019,12,26,KB8,1,2,63,75,43,38,,,,,,,54.75,547500,54.75
5/31/2019,12,26,KB8,2,2,70,50,41,58,,,,,,,54.75,547500,54.75
5/31/2019,12,26,KB8,3,2,34,51,24,48,,,,,,,39.25,392500,39.25
5/31/2019,12,26,KB8,4,2,45,41,37,40,,,,,,,40.75,407500,40.75
5/31/2019,12,26,CCMP2458,1,2,67,62,84,49,,,,,,,65.5,655000,65.5
5/31/2019,12,26,CCMP2458,2,2,75,50,85,86,,,,,,,74,740000,74
5/31/2019,12,26,CCMP2458,3,2,67,52,76,102,,,,,,,74.25,742500,74.25
5/31/2019,12,26,CCMP2458,4,2,77,56,68,53,,,,,,,63.5,635000,63.5
5/31/2019,12,26,FLCass,1,2,55,24,49,54,,,,,,,45.5,455000,45.5
5/31/2019,12,26,FLCass,2,2,47,43,42,28,,,,,,,40,400000,40
5/31/2019,12,26,FLCass,3,2,43,32,69,31,,,,,,,43.75,437500,43.75
5/31/2019,12,26,FLCass,4,2,45,59,42,88,,,,,,,58.5,585000,58.5
5/31/2019,12,26,CCMP2464,1,0,10,5,9,7,,,,,,,7.75,8611.111111,0.861111111
5/31/2019,12,26,CCMP2464,2,0,16,12,12,8,,,,,,,12,13333.33333,1.333333333
5/31/2019,12,26,CCMP2464,3,0,14,4,11,4,,,,,,,8.25,9166.666667,0.916666667
5/31/2019,12,26,CCMP2464,4,0,13,11,12,9,,,,,,,11.25,12500,1.25
5/31/2019,12,26,RT362,1,2,61,68,98,94,,,,,,,80.25,802500,80.25
5/31/2019,12,26,RT362,2,2,101,75,110,79,,,,,,,91.25,912500,91.25
5/31/2019,12,26,RT362,3,2,102,76,85,109,,,,,,,93,930000,93
5/31/2019,12,26,RT362,4,2,85,98,92,77,,,,,,,88,880000,88
5/31/2019,12,30,KB8,1,2,103,93,90,98,,,,,,,96,960000,96
5/31/2019,12,30,KB8,2,2,101,85,94,76,,,,,,,89,890000,89
5/31/2019,12,30,KB8,3,2,93,97,111,107,,,,,,,102,1020000,102
5/31/2019,12,30,KB8,4,2,55,83,135,111,,,,,,,96,960000,96
5/31/2019,12,30,FLCass,1,2,93,62,83,89,,,,,,,81.75,817500,81.75
5/31/2019,12,30,FLCass,2,2,77,79,94,85,,,,,,,83.75,837500,83.75
5/31/2019,12,30,FLCass,3,2,60,36,62,60,,,,,,,54.5,545000,54.5
5/31/2019,12,30,FLCass,4,2,67,90,68,97,,,,,,,80.5,805000,80.5
5/31/2019,12,30,CCMP2464,1,0,6,8,7,9,,,,,,,7.5,8333.333333,0.833333333
5/31/2019,12,30,CCMP2464,2,0,5,9,10,10,,,,,,,8.5,9444.444444,0.944444444
5/31/2019,12,30,CCMP2464,3,0,5,1,4,4,,,,,,,3.5,3888.888889,0.388888889
5/31/2019,12,30,CCMP2464,4,0,5,3,9,5,,,,,,,5.5,6111.111111,0.611111111
5/31/2019,12,30,RT362,1,2,67,66,70,79,,,,,,,70.5,705000,70.5
5/31/2019,12,30,RT362,2,2,86,77,80,86,,,,,,,82.25,822500,82.25
5/31/2019,12,30,RT362,3,2,71,69,84,66,,,,,,,72.5,725000,72.5
5/31/2019,12,30,RT362,4,2,67,67,83,76,,,,,,,73.25,732500,73.25
5/31/2019,12,30,CCMP2458,1,2,118,91,140,111,,,,,,,115,1150000,115
5/31/2019,12,30,CCMP2458,2,2,76,124,63,84,,,,,,,86.75,867500,86.75
5/31/2019,12,30,CCMP2458,3,2,73,89,91,98,,,,,,,87.75,877500,87.75
5/31/2019,12,30,CCMP2458,4,2,90,87,90,90,,,,,,,89.25,892500,89.25
5/31/2019,12,32,KB8,1,1,56,81,71,93,,,,,,,75.25,188125,18.8125
5/31/2019,12,32,KB8,2,1,104,107,107,115,,,,,,,108.25,270625,27.0625
5/31/2019,12,32,KB8,3,1,85,90,85,71,,,,,,,82.75,206875,20.6875
5/31/2019,12,32,KB8,4,1,38,115,111,84,,,,,,,87,217500,21.75
5/31/2019,12,32,CCMP2458,1,2,55,34,49,57,,,,,,,48.75,487500,48.75
5/31/2019,12,32,CCMP2458,2,2,59,44,30,61,,,,,,,48.5,485000,48.5
5/31/2019,12,32,CCMP2458,3,2,46,46,35,42,,,,,,,42.25,422500,42.25
5/31/2019,12,32,CCMP2458,4,2,48,47,39,64,,,,,,,49.5,495000,49.5
5/31/2019,12,32,CCMP2464,1,0,11,8,10,9,,,,,,,9.5,10555.55556,1.055555556
5/31/2019,12,32,CCMP2464,2,0,4,10,6,7,,,,,,,6.75,7500,0.75
5/31/2019,12,32,CCMP2464,3,0,3,3,5,3,,,,,,,3.5,3888.888889,0.388888889
5/31/2019,12,32,CCMP2464,4,0,13,8,7,9,,,,,,,9.25,10277.77778,1.027777778
5/31/2019,12,32,RT362,1,2,27,49,61,57,,,,,,,48.5,485000,48.5
5/31/2019,12,32,RT362,2,2,64,44,86,49,,,,,,,60.75,607500,60.75
5/31/2019,12,32,RT362,3,2,62,70,62,64,,,,,,,64.5,645000,64.5
5/31/2019,12,32,RT362,4,2,64,78,59,64,,,,,,,66.25,662500,66.25
5/31/2019,12,32,FLCass,1,2,29,28,30,35,,,,,,,30.5,305000,30.5
5/31/2019,12,32,FLCass,2,1,117,93,135,117,,,,,,,115.5,288750,28.875
5/31/2019,12,32,FLCass,3,2,44,38,39,41,,,,,,,40.5,405000,40.5
5/31/2019,12,32,FLCass,4,1,101,80,146,128,,,,,,,113.75,284375,28.4375
6/3/2019,15,26,RT362,1,2,68,101,96,59,,,,,,,81,810000,81
6/3/2019,15,26,RT362,2,2,77,111,115,96,,,,,,,99.75,997500,99.75
6/3/2019,15,26,RT362,3,2,97,67,111,110,,,,,,,96.25,962500,96.25
6/3/2019,15,26,RT362,4,2,74,89,134,115,,,,,,,103,1030000,103
6/3/2019,15,26,FLCass,1,2,100,58,61,74,,,,,,,73.25,732500,73.25
6/3/2019,15,26,FLCass,2,2,75,73,63,68,,,,,,,69.75,697500,69.75
6/3/2019,15,26,FLCass,3,2,66,37,70,73,,,,,,,61.5,615000,61.5
6/3/2019,15,26,FLCass,4,2,54,83,46,55,,,,,,,59.5,595000,59.5
6/3/2019,15,26,KB8,1,2,74,81,69,79,,,,,,,75.75,757500,75.75
6/3/2019,15,26,KB8,2,2,62,64,89,57,,,,,,,68,680000,68
6/3/2019,15,26,KB8,3,2,52,46,64,40,,,,,,,50.5,505000,50.5
6/3/2019,15,26,KB8,4,2,54,53,66,44,,,,,,,54.25,542500,54.25
6/3/2019,15,26,CCMP2458,1,2,108,116,125,109,,,,,,,114.5,1145000,114.5
6/3/2019,15,26,CCMP2458,2,2,93,81,105,111,,,,,,,97.5,975000,97.5
6/3/2019,15,26,CCMP2458,3,2,103,101,107,99,,,,,,,102.5,1025000,102.5
6/3/2019,15,26,CCMP2458,4,2,110,151,101,91,,,,,,,113.25,1132500,113.25
6/3/2019,15,26,CCMP2464,1,0,11,6,4,11,,,,,,,8,8888.888889,0.888888889
6/3/2019,15,26,CCMP2464,2,0,4,8,7,10,,,,,,,7.25,8055.555556,0.805555556
6/3/2019,15,26,CCMP2464,3,0,13,4,8,8,,,,,,,8.25,9166.666667,0.916666667
6/3/2019,15,26,CCMP2464,4,0,8,9,15,5,,,,,,,9.25,10277.77778,1.027777778
6/3/2019,15,30,FLCass,1,2,102,126,115,121,,,,,,,116,1160000,116
6/3/2019,15,30,FLCass,2,2,124,103,106,103,,,,,,,109,1090000,109
6/3/2019,15,30,FLCass,3,2,110,112,100,120,,,,,,,110.5,1105000,110.5
6/3/2019,15,30,FLCass,4,2,108,114,125,144,,,,,,,122.75,1227500,122.75
6/3/2019,15,30,KB8,1,2,142,107,116,154,,,,,,,129.75,1297500,129.75
6/3/2019,15,30,KB8,2,2,111,102,107,106,,,,,,,106.5,1065000,106.5
6/3/2019,15,30,KB8,3,2,109,141,120,120,,,,,,,122.5,1225000,122.5
6/3/2019,15,30,KB8,4,2,119,115,95,118,,,,,,,111.75,1117500,111.75
6/3/2019,15,30,RT362,1,2,127,127,101,116,,,,,,,117.75,1177500,117.75
6/3/2019,15,30,RT362,2,2,117,100,130,86,,,,,,,108.25,1082500,108.25
6/3/2019,15,30,RT362,3,2,120,112,102,112,,,,,,,111.5,1115000,111.5
6/3/2019,15,30,RT362,4,2,110,110,117,121,,,,,,,114.5,1145000,114.5
6/3/2019,15,30,CCMP2464,1,0,9,6,8,7,,,,,,,7.5,8333.333333,0.833333333
6/3/2019,15,30,CCMP2464,2,0,13,13,11,11,,,,,,,12,13333.33333,1.333333333
6/3/2019,15,30,CCMP2464,3,0,8,11,5,5,,,,,,,7.25,8055.555556,0.805555556
6/3/2019,15,30,CCMP2464,4,0,7,10,5,8,,,,,,,7.5,8333.333333,0.833333333
6/3/2019,15,30,CCMP2458,1,2,107,110,101,108,,,,,,,106.5,1065000,106.5
6/3/2019,15,30,CCMP2458,2,2,86,105,123,101,,,,,,,103.75,1037500,103.75
6/3/2019,15,30,CCMP2458,3,2,133,97,115,141,,,,,,,121.5,1215000,121.5
6/3/2019,15,30,CCMP2458,4,2,103,95,146,130,,,,,,,118.5,1185000,118.5
6/3/2019,15,32,CCMP2464,1,0,10,14,14,16,,,,,,,13.5,15000,1.5
6/3/2019,15,32,CCMP2464,2,0,6,6,6,4,,,,,,,5.5,6111.111111,0.611111111
6/3/2019,15,32,CCMP2464,3,0,1,2,1,0,,,,,,,1,1111.111111,0.111111111
6/3/2019,15,32,CCMP2464,4,0,11,11,8,12,,,,,,,10.5,11666.66667,1.166666667
6/3/2019,15,32,KB8,1,2,38,38,40,49,,,,,,,41.25,412500,41.25
6/3/2019,15,32,KB8,2,2,53,27,43,61,,,,,,,46,460000,46
6/3/2019,15,32,KB8,3,2,26,38,28,22,,,,,,,28.5,285000,28.5
6/3/2019,15,32,KB8,4,1,61,44,83,76,,,,,,,66,165000,16.5
6/3/2019,15,32,RT362,1,2,91,82,77,102,,,,,,,88,880000,88
6/3/2019,15,32,RT362,2,2,114,89,119,160,,,,,,,120.5,1205000,120.5
6/3/2019,15,32,RT362,3,2,104,84,122,104,,,,,,,103.5,1035000,103.5
6/3/2019,15,32,RT362,4,2,107,105,72,85,,,,,,,92.25,922500,92.25
6/3/2019,15,32,FLCass,1,1,133,166,167,166,,,,,,,158,395000,39.5
6/3/2019,15,32,FLCass,2,2,44,44,33,33,,,,,,,38.5,385000,38.5
6/3/2019,15,32,FLCass,3,2,75,44,42,69,,,,,,,57.5,575000,57.5
6/3/2019,15,32,FLCass,4,2,44,31,47,26,,,,,,,37,370000,37
6/3/2019,15,32,CCMP2458,1,2,68,56,59,61,,,,,,,61,610000,61
6/3/2019,15,32,CCMP2458,2,2,53,67,63,52,,,,,,,58.75,587500,58.75
6/3/2019,15,32,CCMP2458,3,2,62,50,58,72,,,,,,,60.5,605000,60.5
6/3/2019,15,32,CCMP2458,4,2,64,71,63,90,,,,,,,72,720000,72
6/5/2019,17,26,CCMP2464,1,0,7,7,7,11,,,,,,,8,8888.888889,0.888888889
6/5/2019,17,26,CCMP2464,2,0,4,6,4,10,,,,,,,6,6666.666667,0.666666667
6/5/2019,17,26,CCMP2464,3,0,10,3,9,12,,,,,,,8.5,9444.444444,0.944444444
6/5/2019,17,26,CCMP2464,4,0,11,11,7,10,,,,,,,9.75,10833.33333,1.083333333
6/5/2019,17,26,FLCass,1,2,74,60,114,133,,,,,,,95.25,952500,95.25
6/5/2019,17,26,FLCass,2,2,58,107,80,92,,,,,,,84.25,842500,84.25
6/5/2019,17,26,FLCass,3,2,105,120,91,84,,,,,,,100,1000000,100
6/5/2019,17,26,FLCass,4,2,102,75,53,109,,,,,,,84.75,847500,84.75
6/5/2019,17,26,KB8,1,2,71,90,86,84,,,,,,,82.75,827500,82.75
6/5/2019,17,26,KB8,2,2,73,48,70,72,,,,,,,65.75,657500,65.75
6/5/2019,17,26,KB8,3,2,49,47,46,36,,,,,,,44.5,445000,44.5
6/5/2019,17,26,KB8,4,2,53,43,58,62,,,,,,,54,540000,54
6/5/2019,17,26,CCMP2458,1,2,106,80,91,99,,,,,,,94,940000,94
6/5/2019,17,26,CCMP2458,2,2,98,114,96,79,,,,,,,96.75,967500,96.75
6/5/2019,17,26,CCMP2458,3,2,76,81,100,84,,,,,,,85.25,852500,85.25
6/5/2019,17,26,CCMP2458,4,2,79,103,88,101,,,,,,,92.75,927500,92.75
6/5/2019,17,26,RT362,1,2,88,97,102,106,,,,,,,98.25,982500,98.25
6/5/2019,17,26,RT362,2,2,101,79,96,105,,,,,,,95.25,952500,95.25
6/5/2019,17,26,RT362,3,2,94,114,97,94,,,,,,,99.75,997500,99.75
6/5/2019,17,26,RT362,4,2,101,67,103,107,,,,,,,94.5,945000,94.5
6/5/2019,17,30,FLCass,1,2,61,66,69,80,,,,,,,69,690000,69
6/5/2019,17,30,FLCass,2,2,86,81,77,75,,,,,,,79.75,797500,79.75
6/5/2019,17,30,FLCass,3,2,75,92,82,95,,,,,,,86,860000,86
6/5/2019,17,30,FLCass,4,2,73,84,64,84,,,,,,,76.25,762500,76.25
6/5/2019,17,30,CCMP2458,1,2,119,109,124,115,,,,,,,116.75,1167500,116.75
6/5/2019,17,30,CCMP2458,2,2,149,118,134,120,,,,,,,130.25,1302500,130.25
6/5/2019,17,30,CCMP2458,3,2,120,131,130,116,,,,,,,124.25,1242500,124.25
6/5/2019,17,30,CCMP2458,4,2,113,116,97,126,,,,,,,113,1130000,113
6/5/2019,17,30,CCMP2464,1,0,15,13,14,19,,,,,,,15.25,16944.44444,1.694444444
6/5/2019,17,30,CCMP2464,2,0,11,12,10,15,,,,,,,12,13333.33333,1.333333333
6/5/2019,17,30,CCMP2464,3,0,8,3,10,16,,,,,,,9.25,10277.77778,1.027777778
6/5/2019,17,30,CCMP2464,4,0,9,10,4,18,,,,,,,10.25,11388.88889,1.138888889
6/5/2019,17,30,KB8,1,2,129,141,161,133,,,,,,,141,1410000,141
6/5/2019,17,30,KB8,2,2,117,106,140,168,,,,,,,132.75,1327500,132.75
6/5/2019,17,30,KB8,3,2,150,140,155,160,,,,,,,151.25,1512500,151.25
6/5/2019,17,30,KB8,4,2,112,124,126,137,,,,,,,124.75,1247500,124.75
6/5/2019,17,30,RT362,1,2,173,147,156,138,,,,,,,153.5,1535000,153.5
6/5/2019,17,30,RT362,2,2,162,111,139,215,,,,,,,156.75,1567500,156.75
6/5/2019,17,30,RT362,3,2,172,146,182,167,,,,,,,166.75,1667500,166.75
6/5/2019,17,30,RT362,4,2,135,158,152,173,,,,,,,154.5,1545000,154.5
6/5/2019,17,32,FLCass,1,2,45,45,40,45,,,,,,,43.75,437500,43.75
6/5/2019,17,32,FLCass,2,2,61,64,34,32,,,,,,,47.75,477500,47.75
6/5/2019,17,32,FLCass,3,2,65,82,65,69,,,,,,,70.25,702500,70.25
6/5/2019,17,32,FLCass,4,2,65,59,58,55,,,,,,,59.25,592500,59.25
6/5/2019,17,32,CCMP2458,1,2,58,55,62,74,,,,,,,62.25,622500,62.25
6/5/2019,17,32,CCMP2458,2,2,79,67,64,64,,,,,,,68.5,685000,68.5
6/5/2019,17,32,CCMP2458,3,2,85,92,95,75,,,,,,,86.75,867500,86.75
6/5/2019,17,32,CCMP2458,4,2,67,63,109,93,,,,,,,83,830000,83
6/5/2019,17,32,CCMP2464,1,0,11,7,12,4,,,,,,,8.5,9444.444444,0.944444444
6/5/2019,17,32,CCMP2464,2,0,6,6,6,4,,,,,,,5.5,6111.111111,0.611111111
6/5/2019,17,32,CCMP2464,3,0,2,1,3,2,,,,,,,2,2222.222222,0.222222222
6/5/2019,17,32,CCMP2464,4,0,8,7,13,6,,,,,,,8.5,9444.444444,0.944444444
6/5/2019,17,32,KB8,1,2,43,43,52,52,,,,,,,47.5,475000,47.5
6/5/2019,17,32,KB8,2,2,49,46,48,58,,,,,,,50.25,502500,50.25
6/5/2019,17,32,KB8,3,2,45,21,35,48,,,,,,,37.25,372500,37.25
6/5/2019,17,32,KB8,4,1,90,90,120,100,,,,,,,100,250000,25
6/5/2019,17,32,RT362,1,2,79,78,97,70,,,,,,,81,810000,81
6/5/2019,17,32,RT362,2,2,105,84,96,76,,,,,,,90.25,902500,90.25
6/5/2019,17,32,RT362,3,2,121,88,94,78,,,,,,,95.25,952500,95.25
6/5/2019,17,32,RT362,4,2,95,95,75,114,,,,,,,94.75,947500,94.75
6/7/2019,19,26,CCMP2458,1,2,172,155,162,140,,,,,,,157.25,1572500,157.25
6/7/2019,19,26,CCMP2458,2,2,159,155,126,138,,,,,,,144.5,1445000,144.5
6/7/2019,19,26,CCMP2458,3,2,154,109,153,130,,,,,,,136.5,1365000,136.5
6/7/2019,19,26,CCMP2458,4,2,102,153,91,122,,,,,,,117,1170000,117
6/7/2019,19,26,RT362,1,2,196,151,233,157,,,,,,,184.25,1842500,184.25
6/7/2019,19,26,RT362,2,2,128,168,156,157,,,,,,,152.25,1522500,152.25
6/7/2019,19,26,RT362,3,2,118,148,147,136,,,,,,,137.25,1372500,137.25
6/7/2019,19,26,RT362,4,2,117,105,148,132,,,,,,,125.5,1255000,125.5
6/7/2019,19,26,CCMP2464,1,0,8,5,13,2,,,,,,,7,7777.777778,0.777777778
6/7/2019,19,26,CCMP2464,2,0,10,5,1,7,,,,,,,5.75,6388.888889,0.638888889
6/7/2019,19,26,CCMP2464,3,0,6,7,9,9,,,,,,,7.75,8611.111111,0.861111111
6/7/2019,19,26,CCMP2464,4,0,10,12,8,9,,,,,,,9.75,10833.33333,1.083333333
6/7/2019,19,26,FLCass,1,2,79,54,63,35,,,,,,,57.75,577500,57.75
6/7/2019,19,26,FLCass,2,2,65,53,62,67,,,,,,,61.75,617500,61.75
6/7/2019,19,26,FLCass,3,2,62,40,60,81,,,,,,,60.75,607500,60.75
6/7/2019,19,26,FLCass,4,2,48,51,47,67,,,,,,,53.25,532500,53.25
6/7/2019,19,26,KB8,1,2,66,76,80,81,,,,,,,75.75,757500,75.75
6/7/2019,19,26,KB8,2,2,85,107,64,92,,,,,,,87,870000,87
6/7/2019,19,26,KB8,3,2,59,58,43,59,,,,,,,54.75,547500,54.75
6/7/2019,19,26,KB8,4,2,63,64,59,60,,,,,,,61.5,615000,61.5
6/7/2019,19,30,CCMP2458,1,2,143,210,125,175,,,,,,,163.25,1632500,163.25
6/7/2019,19,30,CCMP2458,2,2,163,158,178,138,,,,,,,159.25,1592500,159.25
6/7/2019,19,30,CCMP2458,3,2,196,187,185,207,,,,,,,193.75,1937500,193.75
6/7/2019,19,30,CCMP2458,4,2,159,187,177,173,,,,,,,174,1740000,174
6/7/2019,19,30,CCMP2464,1,0,8,7,9,9,,,,,,,8.25,9166.666667,0.916666667
6/7/2019,19,30,CCMP2464,2,0,7,9,19,10,,,,,,,11.25,12500,1.25
6/7/2019,19,30,CCMP2464,3,0,2,9,6,7,,,,,,,6,6666.666667,0.666666667
6/7/2019,19,30,CCMP2464,4,0,10,5,8,6,,,,,,,7.25,8055.555556,0.805555556
6/7/2019,19,30,KB8,1,2,110,173,137,140,,,,,,,140,1400000,140
6/7/2019,19,30,KB8,2,2,132,146,132,116,,,,,,,131.5,1315000,131.5
6/7/2019,19,30,KB8,3,2,109,132,117,141,,,,,,,124.75,1247500,124.75
6/7/2019,19,30,KB8,4,2,126,123,129,142,,,,,,,130,1300000,130
6/7/2019,19,30,RT362,1,2,106,91,134,131,,,,,,,115.5,1155000,115.5
6/7/2019,19,30,RT362,2,2,104,96,105,114,,,,,,,104.75,1047500,104.75
6/7/2019,19,30,RT362,3,2,92,76,124,111,,,,,,,100.75,1007500,100.75
6/7/2019,19,30,RT362,4,2,89,138,111,120,,,,,,,114.5,1145000,114.5
6/7/2019,19,30,FLCass,1,2,58,65,79,59,,,,,,,65.25,652500,65.25
6/7/2019,19,30,FLCass,2,2,60,85,82,87,,,,,,,78.5,785000,78.5
6/7/2019,19,30,FLCass,3,2,78,73,69,85,,,,,,,76.25,762500,76.25
6/7/2019,19,30,FLCass,4,2,72,95,76,90,,,,,,,83.25,832500,83.25
6/7/2019,19,32,RT362,1,2,103,102,109,100,,,,,,,103.5,1035000,103.5
6/7/2019,19,32,RT362,2,2,123,108,100,91,,,,,,,105.5,1055000,105.5
6/7/2019,19,32,RT362,3,2,111,120,125,119,,,,,,,118.75,1187500,118.75
6/7/2019,19,32,RT362,4,2,109,97,97,137,,,,,,,110,1100000,110
6/7/2019,19,32,FLCass,1,2,128,84,76,62,,,,,,,87.5,875000,87.5
6/7/2019,19,32,FLCass,2,2,74,64,71,67,,,,,,,69,690000,69
6/7/2019,19,32,FLCass,3,2,76,73,75,88,,,,,,,78,780000,78
6/7/2019,19,32,FLCass,4,2,58,117,106,88,,,,,,,92.25,922500,92.25
6/7/2019,19,32,KB8,1,2,61,72,79,51,,,,,,,65.75,657500,65.75
6/7/2019,19,32,KB8,2,2,65,81,63,66,,,,,,,68.75,687500,68.75
6/7/2019,19,32,KB8,3,2,54,58,64,70,,,,,,,61.5,615000,61.5
6/7/2019,19,32,KB8,4,2,68,63,67,69,,,,,,,66.75,667500,66.75
6/7/2019,19,32,CCMP2458,1,2,66,47,79,76,,,,,,,67,670000,67
6/7/2019,19,32,CCMP2458,2,2,78,63,61,82,,,,,,,71,710000,71
6/7/2019,19,32,CCMP2458,3,2,64,70,87,92,,,,,,,78.25,782500,78.25
6/7/2019,19,32,CCMP2458,4,2,57,69,67,45,,,,,,,59.5,595000,59.5
6/7/2019,19,32,CCMP2464,1,0,12,7,11,16,,,,,,,11.5,12777.77778,1.277777778
6/7/2019,19,32,CCMP2464,2,0,6,9,9,15,,,,,,,9.75,10833.33333,1.083333333
6/7/2019,19,32,CCMP2464,3,0,11,1,1,6,,,,,,,4.75,5277.777778,0.527777778
6/7/2019,19,32,CCMP2464,4,0,19,13,10,15,,,,,,,14.25,15833.33333,1.583333333
6/10/2019,22,26,RT362,1,2,142,106,186,196,,,,,,,157.5,1575000,157.5
6/10/2019,22,26,RT362,2,2,106,169,173,145,,,,,,,148.25,1482500,148.25
6/10/2019,22,26,RT362,3,2,123,101,150,147,,,,,,,130.25,1302500,130.25
6/10/2019,22,26,RT362,4,2,92,130,154,97,,,,,,,118.25,1182500,118.25
6/10/2019,22,26,CCMP2458,1,2,170,187,121,196,,,,,,,168.5,1685000,168.5
6/10/2019,22,26,CCMP2458,2,2,145,135,139,141,,,,,,,140,1400000,140
6/10/2019,22,26,CCMP2458,3,2,166,168,160,203,,,,,,,174.25,1742500,174.25
6/10/2019,22,26,CCMP2458,4,2,129,157,143,145,,,,,,,143.5,1435000,143.5
6/10/2019,22,26,KB8,1,2,71,79,99,77,,,,,,,81.5,815000,81.5
6/10/2019,22,26,KB8,2,2,76,104,104,88,,,,,,,93,930000,93
6/10/2019,22,26,KB8,3,2,77,95,100,79,,,,,,,87.75,877500,87.75
6/10/2019,22,26,KB8,4,2,70,101,90,73,,,,,,,83.5,835000,83.5
6/10/2019,22,26,FLCass,1,2,32,44,92,55,,,,,,,55.75,557500,55.75
6/10/2019,22,26,FLCass,2,2,38,56,72,59,,,,,,,56.25,562500,56.25
6/10/2019,22,26,FLCass,3,2,51,76,78,58,,,,,,,65.75,657500,65.75
6/10/2019,22,26,FLCass,4,2,47,52,91,72,,,,,,,65.5,655000,65.5
6/10/2019,22,26,CCMP2464,1,0,9,5,7,6,,,,,,,6.75,7500,0.75
6/10/2019,22,26,CCMP2464,2,0,7,9,10,7,,,,,,,8.25,9166.666667,0.916666667
6/10/2019,22,26,CCMP2464,3,0,8,6,9,8,,,,,,,7.75,8611.111111,0.861111111
6/10/2019,22,26,CCMP2464,4,0,10,18,6,8,,,,,,,10.5,11666.66667,1.166666667
6/10/2019,22,30,FLCass,1,2,96,63,84,84,,,,,,,81.75,817500,81.75
6/10/2019,22,30,FLCass,2,2,71,95,82,52,,,,,,,75,750000,75
6/10/2019,22,30,FLCass,3,2,55,65,109,72,,,,,,,75.25,752500,75.25
6/10/2019,22,30,FLCass,4,2,85,82,89,92,,,,,,,87,870000,87
6/10/2019,22,30,CCMP2458,1,2,137,163,109,145,,,,,,,138.5,1385000,138.5
6/10/2019,22,30,CCMP2458,2,2,136,115,129,166,,,,,,,136.5,1365000,136.5
6/10/2019,22,30,CCMP2458,3,2,163,109,120,138,,,,,,,132.5,1325000,132.5
6/10/2019,22,30,CCMP2458,4,2,132,82,148,145,,,,,,,126.75,1267500,126.75
6/10/2019,22,30,CCMP2464,1,0,8,7,18,16,,,,,,,12.25,13611.11111,1.361111111
6/10/2019,22,30,CCMP2464,2,0,4,11,7,9,,,,,,,7.75,8611.111111,0.861111111
6/10/2019,22,30,CCMP2464,3,0,3,2,10,2,,,,,,,4.25,4722.222222,0.472222222
6/10/2019,22,30,CCMP2464,4,0,3,6,6,8,,,,,,,5.75,6388.888889,0.638888889
6/10/2019,22,30,KB8,1,2,134,135,158,177,,,,,,,151,1510000,151
6/10/2019,22,30,KB8,2,2,139,142,133,144,,,,,,,139.5,1395000,139.5
6/10/2019,22,30,KB8,3,2,135,161,134,137,,,,,,,141.75,1417500,141.75
6/10/2019,22,30,KB8,4,2,154,130,141,121,,,,,,,136.5,1365000,136.5
6/10/2019,22,30,RT362,1,2,226,123,182,119,,,,,,,162.5,1625000,162.5
6/10/2019,22,30,RT362,2,2,131,156,169,166,,,,,,,155.5,1555000,155.5
6/10/2019,22,30,RT362,3,2,92,137,180,167,,,,,,,144,1440000,144
6/10/2019,22,30,RT362,4,2,153,160,184,136,,,,,,,158.25,1582500,158.25
6/10/2019,22,32,KB8,1,2,88,93,82,90,,,,,,,88.25,882500,88.25
6/10/2019,22,32,KB8,2,2,104,95,105,86,,,,,,,97.5,975000,97.5
6/10/2019,22,32,KB8,3,2,60,58,114,71,,,,,,,75.75,757500,75.75
6/10/2019,22,32,KB8,4,2,86,97,113,114,,,,,,,102.5,1025000,102.5
6/10/2019,22,32,RT362,1,2,131,104,113,92,,,,,,,110,1100000,110
6/10/2019,22,32,RT362,2,2,117,100,136,139,,,,,,,123,1230000,123
6/10/2019,22,32,RT362,3,2,109,140,92,120,,,,,,,115.25,1152500,115.25
6/10/2019,22,32,RT362,4,2,99,124,133,150,,,,,,,126.5,1265000,126.5
6/10/2019,22,32,CCMP2464,1,0,11,8,11,11,,,,,,,10.25,11388.88889,1.138888889
6/10/2019,22,32,CCMP2464,2,0,7,5,10,8,,,,,,,7.5,8333.333333,0.833333333
6/10/2019,22,32,CCMP2464,3,0,3,2,2,0,,,,,,,1.75,1944.444444,0.194444444
6/10/2019,22,32,CCMP2464,4,0,5,5,7,13,,,,,,,7.5,8333.333333,0.833333333
6/10/2019,22,32,FLCass,1,2,63,37,70,55,,,,,,,56.25,562500,56.25
6/10/2019,22,32,FLCass,2,2,42,37,53,64,,,,,,,49,490000,49
6/10/2019,22,32,FLCass,3,2,73,68,75,62,,,,,,,69.5,695000,69.5
6/10/2019,22,32,FLCass,4,2,31,73,79,63,,,,,,,61.5,615000,61.5
6/10/2019,22,32,CCMP2458,1,2,79,94,91,95,,,,,,,89.75,897500,89.75
6/10/2019,22,32,CCMP2458,2,2,64,54,77,68,,,,,,,65.75,657500,65.75
6/10/2019,22,32,CCMP2458,3,2,66,101,119,103,,,,,,,97.25,972500,97.25
6/10/2019,22,32,CCMP2458,4,2,70,85,117,77,,,,,,,87.25,872500,87.25
6/12/2019,24,26,RT362,1,2,120,108,160,144,,,,,,,133,1330000,133
6/12/2019,24,26,RT362,2,2,119,111,155,132,,,,,,,129.25,1292500,129.25
6/12/2019,24,26,RT362,3,2,97,139,128,132,,,,,,,124,1240000,124
6/12/2019,24,26,RT362,4,2,102,80,118,98,,,,,,,99.5,995000,99.5
6/12/2019,24,26,CCMP2458,1,2,138,171,154,125,,,,,,,147,1470000,147
6/12/2019,24,26,CCMP2458,2,2,94,102,108,143,,,,,,,111.75,1117500,111.75
6/12/2019,24,26,CCMP2458,3,2,154,133,140,160,,,,,,,146.75,1467500,146.75
6/12/2019,24,26,CCMP2458,4,2,106,82,114,138,,,,,,,110,1100000,110
6/12/2019,24,26,KB8,1,2,96,92,135,106,,,,,,,107.25,1072500,107.25
6/12/2019,24,26,KB8,2,2,127,114,127,130,,,,,,,124.5,1245000,124.5
6/12/2019,24,26,KB8,3,2,101,112,104,74,,,,,,,97.75,977500,97.75
6/12/2019,24,26,KB8,4,2,100,114,95,122,,,,,,,107.75,1077500,107.75
6/12/2019,24,26,FLCass,1,2,53,80,90,71,,,,,,,73.5,735000,73.5
6/12/2019,24,26,FLCass,2,2,59,39,39,65,,,,,,,50.5,505000,50.5
6/12/2019,24,26,FLCass,3,2,56,70,63,42,,,,,,,57.75,577500,57.75
6/12/2019,24,26,FLCass,4,2,63,69,59,53,,,,,,,61,610000,61
6/12/2019,24,26,CCMP2464,1,0,10,7,4,6,,,,,,,6.75,7500,0.75
6/12/2019,24,26,CCMP2464,2,0,4,7,6,6,,,,,,,5.75,6388.888889,0.638888889
6/12/2019,24,26,CCMP2464,3,0,9,6,5,3,,,,,,,5.75,6388.888889,0.638888889
6/12/2019,24,26,CCMP2464,4,0,3,8,9,4,,,,,,,6,6666.666667,0.666666667
6/12/2019,24,30,FLCass,1,2,126,119,124,114,,,,,,,120.75,1207500,120.75
6/12/2019,24,30,FLCass,2,2,131,126,98,106,,,,,,,115.25,1152500,115.25
6/12/2019,24,30,FLCass,3,2,74,81,102,105,,,,,,,90.5,905000,90.5
6/12/2019,24,30,FLCass,4,2,87,102,121,169,,,,,,,119.75,1197500,119.75
6/12/2019,24,30,CCMP2458,1,2,162,167,240,180,,,,,,,187.25,1872500,187.25
6/12/2019,24,30,CCMP2458,2,2,187,172,200,172,,,,,,,182.75,1827500,182.75
6/12/2019,24,30,CCMP2458,3,2,178,192,213,141,,,,,,,181,1810000,181
6/12/2019,24,30,CCMP2458,4,2,178,192,251,291,,,,,,,228,2280000,228
6/12/2019,24,30,CCMP2464,1,0,8,11,10,9,,,,,,,9.5,10555.55556,1.055555556
6/12/2019,24,30,CCMP2464,2,0,5,7,9,7,,,,,,,7,7777.777778,0.777777778
6/12/2019,24,30,CCMP2464,3,0,5,3,3,5,,,,,,,4,4444.444444,0.444444444
6/12/2019,24,30,CCMP2464,4,0,4,9,4,4,,,,,,,5.25,5833.333333,0.583333333
6/12/2019,24,30,KB8,1,2,123,117,137,134,,,,,,,127.75,1277500,127.75
6/12/2019,24,30,KB8,2,2,110,127,125,127,,,,,,,122.25,1222500,122.25
6/12/2019,24,30,KB8,3,2,118,99,117,120,,,,,,,113.5,1135000,113.5
6/12/2019,24,30,KB8,4,2,122,109,126,145,,,,,,,125.5,1255000,125.5
6/12/2019,24,30,RT362,1,2,138,125,136,119,,,,,,,129.5,1295000,129.5
6/12/2019,24,30,RT362,2,2,115,84,109,147,,,,,,,113.75,1137500,113.75
6/12/2019,24,30,RT362,3,2,187,140,113,137,,,,,,,144.25,1442500,144.25
6/12/2019,24,30,RT362,4,2,139,117,150,146,,,,,,,138,1380000,138
6/12/2019,24,32,KB8,1,2,113,76,105,120,,,,,,,103.5,1035000,103.5
6/12/2019,24,32,KB8,2,2,79,95,102,114,,,,,,,97.5,975000,97.5
6/12/2019,24,32,KB8,3,2,76,92,84,107,,,,,,,89.75,897500,89.75
6/12/2019,24,32,KB8,4,2,117,95,109,105,,,,,,,106.5,1065000,106.5
6/12/2019,24,32,RT362,1,2,100,106,134,125,,,,,,,116.25,1162500,116.25
6/12/2019,24,32,RT362,2,2,126,87,148,122,,,,,,,120.75,1207500,120.75
6/12/2019,24,32,RT362,3,2,135,121,104,90,,,,,,,112.5,1125000,112.5
6/12/2019,24,32,RT362,4,2,116,158,170,118,,,,,,,140.5,1405000,140.5
6/12/2019,24,32,CCMP2464,1,0,4,5,7,9,,,,,,,6.25,6944.444444,0.694444444
6/12/2019,24,32,CCMP2464,2,0,5,2,3,4,,,,,,,3.5,3888.888889,0.388888889
6/12/2019,24,32,CCMP2464,3,0,1,1,2,2,,,,,,,1.5,1666.666667,0.166666667
6/12/2019,24,32,CCMP2464,4,0,7,4,5,9,,,,,,,6.25,6944.444444,0.694444444
6/12/2019,24,32,FLCass,1,2,45,103,82,76,,,,,,,76.5,765000,76.5
6/12/2019,24,32,FLCass,2,2,63,58,87,82,,,,,,,72.5,725000,72.5
6/12/2019,24,32,FLCass,3,2,65,73,90,87,,,,,,,78.75,787500,78.75
6/12/2019,24,32,FLCass,4,2,75,90,100,58,,,,,,,80.75,807500,80.75
6/12/2019,24,32,CCMP2458,1,2,92,117,120,107,,,,,,,109,1090000,109
6/12/2019,24,32,CCMP2458,2,2,73,82,85,91,,,,,,,82.75,827500,82.75
6/12/2019,24,32,CCMP2458,3,2,92,116,135,95,,,,,,,109.5,1095000,109.5
6/12/2019,24,32,CCMP2458,4,2,100,115,103,86,,,,,,,101,1010000,101
6/14/2019,26,26,FLCass,1,2,114,63,85,159,,,,,,,105.25,1052500,105.25
6/14/2019,26,26,FLCass,2,2,100,83,103,133,,,,,,,104.75,1047500,104.75
6/14/2019,26,26,FLCass,3,2,53,62,131,79,,,,,,,81.25,812500,81.25
6/14/2019,26,26,FLCass,4,2,85,72,70,224,,,,,,,112.75,1127500,112.75
6/14/2019,26,26,RT362,1,2,181,148,152,150,,,,,,,157.75,1577500,157.75
6/14/2019,26,26,RT362,2,2,153,150,169,207,,,,,,,169.75,1697500,169.75
6/14/2019,26,26,RT362,3,2,170,195,171,156,,,,,,,173,1730000,173
6/14/2019,26,26,RT362,4,2,143,150,139,160,,,,,,,148,1480000,148
6/14/2019,26,26,CCMP2458,1,2,136,170,142,147,,,,,,,148.75,1487500,148.75
6/14/2019,26,26,CCMP2458,2,2,147,144,157,139,,,,,,,146.75,1467500,146.75
6/14/2019,26,26,CCMP2458,3,2,137,108,141,142,,,,,,,132,1320000,132
6/14/2019,26,26,CCMP2458,4,2,150,107,131,125,,,,,,,128.25,1282500,128.25
6/14/2019,26,26,KB8,1,2,104,91,132,142,,,,,,,117.25,1172500,117.25
6/14/2019,26,26,KB8,2,2,127,118,119,118,,,,,,,120.5,1205000,120.5
6/14/2019,26,26,KB8,3,2,85,115,157,148,,,,,,,126.25,1262500,126.25
6/14/2019,26,26,KB8,4,2,96,179,116,166,,,,,,,139.25,1392500,139.25
6/14/2019,26,26,CCMP2464,1,0,12,7,6,7,,,,,,,8,8888.888889,0.888888889
6/14/2019,26,26,CCMP2464,2,0,9,5,7,6,,,,,,,6.75,7500,0.75
6/14/2019,26,26,CCMP2464,3,0,4,11,6,9,,,,,,,7.5,8333.333333,0.833333333
6/14/2019,26,26,CCMP2464,4,0,3,2,8,9,,,,,,,5.5,6111.111111,0.611111111
6/14/2019,26,30,FLCass,1,2,112,113,106,104,,,,,,,108.75,1087500,108.75
6/14/2019,26,30,FLCass,2,2,150,112,106,110,,,,,,,119.5,1195000,119.5
6/14/2019,26,30,FLCass,3,2,92,93,116,123,,,,,,,106,1060000,106
6/14/2019,26,30,FLCass,4,2,105,105,113,82,,,,,,,101.25,1012500,101.25
6/14/2019,26,30,RT362,1,2,176,206,166,143,,,,,,,172.75,1727500,172.75
6/14/2019,26,30,RT362,2,2,166,162,137,161,,,,,,,156.5,1565000,156.5
6/14/2019,26,30,RT362,3,2,203,208,144,175,,,,,,,182.5,1825000,182.5
6/14/2019,26,30,RT362,4,2,158,135,157,178,,,,,,,157,1570000,157
6/14/2019,26,30,CCMP2458,1,2,192,196,197,201,,,,,,,196.5,1965000,196.5
6/14/2019,26,30,CCMP2458,2,2,203,201,206,153,,,,,,,190.75,1907500,190.75
6/14/2019,26,30,CCMP2458,3,2,172,227,232,191,,,,,,,205.5,2055000,205.5
6/14/2019,26,30,CCMP2458,4,2,197,164,200,221,,,,,,,195.5,1955000,195.5
6/14/2019,26,30,KB8,1,2,151,117,127,151,,,,,,,136.5,1365000,136.5
6/14/2019,26,30,KB8,2,2,133,124,113,139,,,,,,,127.25,1272500,127.25
6/14/2019,26,30,KB8,3,2,134,118,120,123,,,,,,,123.75,1237500,123.75
6/14/2019,26,30,KB8,4,2,147,113,128,171,,,,,,,139.75,1397500,139.75
6/14/2019,26,30,CCMP2464,1,0,7,5,1,8,,,,,,,5.25,5833.333333,0.583333333
6/14/2019,26,30,CCMP2464,2,0,8,1,5,7,,,,,,,5.25,5833.333333,0.583333333
6/14/2019,26,30,CCMP2464,3,0,6,1,0,4,,,,,,,2.75,3055.555556,0.305555556
6/14/2019,26,30,CCMP2464,4,0,7,3,1,2,,,,,,,3.25,3611.111111,0.361111111
6/14/2019,26,32,FLCass,1,2,65,94,83,80,,,,,,,80.5,805000,80.5
6/14/2019,26,32,FLCass,2,2,82,74,100,97,,,,,,,88.25,882500,88.25
6/14/2019,26,32,FLCass,3,2,66,74,91,86,,,,,,,79.25,792500,79.25
6/14/2019,26,32,FLCass,4,2,80,102,82,95,,,,,,,89.75,897500,89.75
6/14/2019,26,32,RT362,1,2,83,71,98,106,,,,,,,89.5,895000,89.5
6/14/2019,26,32,RT362,2,2,100,112,98,93,,,,,,,100.75,1007500,100.75
6/14/2019,26,32,RT362,3,2,105,87,108,101,,,,,,,100.25,1002500,100.25
6/14/2019,26,32,RT362,4,2,113,119,106,104,,,,,,,110.5,1105000,110.5
6/14/2019,26,32,CCMP2458,1,2,140,129,128,105,,,,,,,125.5,1255000,125.5
6/14/2019,26,32,CCMP2458,2,2,94,104,127,132,,,,,,,114.25,1142500,114.25
6/14/2019,26,32,CCMP2458,3,2,135,124,147,123,,,,,,,132.25,1322500,132.25
6/14/2019,26,32,CCMP2458,4,2,123,141,162,122,,,,,,,137,1370000,137
6/14/2019,26,32,KB8,1,2,107,81,96,102,,,,,,,96.5,965000,96.5
6/14/2019,26,32,KB8,2,2,112,100,100,96,,,,,,,102,1020000,102
6/14/2019,26,32,KB8,3,2,88,85,98,131,,,,,,,100.5,1005000,100.5
6/14/2019,26,32,KB8,4,2,126,118,105,104,,,,,,,113.25,1132500,113.25
6/14/2019,26,32,CCMP2464,1,0,10,8,6,7,,,,,,,7.75,8611.111111,0.861111111
6/14/2019,26,32,CCMP2464,2,0,6,5,10,9,,,,,,,7.5,8333.333333,0.833333333
6/14/2019,26,32,CCMP2464,3,0,2,0,2,1,,,,,,,1.25,1388.888889,0.138888889
6/14/2019,26,32,CCMP2464,4,0,7,5,7,6,,,,,,,6.25,6944.444444,0.694444444
