"WellNum","Date","DarkSlope","LightSlope","Respiration","GrossPhoto","NetPhoto","Count1","Count2","PicDate","PictureNum","Area","Genotype","Temp","Plate","Day.Dead","Survive.to.End","Days.to.Inoculation","Days.to.Strobilation","Days.to.Ephyra","Total.Buds","Total.Ephyra.Produced","Notes","avgct","cells.per.mL","cells.per.polyp","cells.per.area","Resp.per.cell.density","Resp","GP.per.cell.density","GP","NP.per.cell.density","NP","Resp.per.cell","Resp.per.bill.cell","GP.per.cell","GP.per.bill.cell","NP.per.cell","NP.per.bill.cell"
"c14","21-Jan",0.017,0.2854,-0.073433333,-0.034291667,0.039141667,13,9,"21-Jan",77,0.602,"Aposymbiotic",26,3,NA,"Yes",NA,NA,NA,6,0,"",11,110000,16500000,27408637.8737542,-2.67920402824242e-09,-2.67920402824242,-1.25112627478788e-09,-1.25112627478788,1.42807778993939e-09,1.42807778993939,-4.45050503030303e-09,-4.45050503030303,-2.07828284848485e-09,-2.07828284848485,2.37222224242424e-09,2.37222224242424
"15","21-Jan",0.131,0.5037,0.040566667,0.184008333,0.143441667,17,35,"21-Jan",83,0.584,"CCMP2458",26,3,NA,"Yes",16,NA,NA,4,0,"",26,260000,3.9e+07,66780821.9178082,6.07459834051282e-10,0.607459834051282,2.75540683261538e-09,2.75540683261538,2.14794701353846e-09,2.14794701353846,1.04017094871795e-09,1.04017094871795,4.71816238461538e-09,4.71816238461538,3.67799146153846e-09,3.67799146153846
"c17","21-Jan",-0.1444,0.406,-0.234833333,0.086308333,0.321141667,22,37,"21-Jan",78,0.691,"Aposymbiotic",26,3,NA,"Yes",NA,NA,NA,2,0,"",29.5,295000,44250000,64037626.6280753,-3.66711487238418e-09,-3.66711487238418,1.34777532436158e-09,1.34777532436158,5.01489021236158e-09,5.01489021236158,-5.30696797740113e-09,-5.30696797740113,1.95047080225989e-09,1.95047080225989,7.25743880225989e-09,7.25743880225989
"16","21-Jan",-0.1207,0.1055,-0.211133333,-0.214191667,-0.003058333,14,18,"21-Jan",84,0.601,"CCMP2458",26,3,NA,"Yes",22,NA,NA,3,0,"",16,160000,2.4e+07,39933444.2595674,-5.28713054720833e-09,-5.28713054720833,-5.36371632779167e-09,-5.36371632779167,-7.65857555416667e-11,-0.0765857555416667,-8.79722220833333e-09,-8.79722220833333,-8.92465279166667e-09,-8.92465279166667,-1.27430541666667e-10,-0.127430541666667
"c18","21-Jan",-0.0437,0.1131,-0.134133333,-0.206591667,-0.072458333,37,48,"21-Jan",79,1.118,"Aposymbiotic",26,3,NA,"Yes",NA,NA,NA,6,0,"",42.5,425000,63750000,57021466.9051878,-2.35233045167059e-09,-2.35233045167059,-3.6230507248e-09,-3.6230507248,-1.27072025559216e-09,-1.27072025559216,-2.10405228235294e-09,-2.10405228235294,-3.2406536e-09,-3.2406536,-1.13660130196078e-09,-1.13660130196078
"18","21-Jan",-0.0084,0.2306,-0.098833333,-0.089091667,0.009741667,10,10,"21-Jan",85,0.255,"CCMP2458",26,3,NA,"Yes",12,14,16,1,1,"",10,1e+05,1.5e+07,58823529.4117647,-1.680166661e-09,-1.680166661,-1.514558339e-09,-1.514558339,1.65608339e-10,0.165608339,-6.58888886666667e-09,-6.58888886666667,-5.93944446666667e-09,-5.93944446666667,6.49444466666667e-10,0.649444466666667
"c20","21-Jan",0.0303,0.198,-0.060133333,-0.121691667,-0.061558333,27,21,"21-Jan",80,0.895,"Aposymbiotic",26,4,NA,"Yes",NA,NA,NA,5,0,"",24,240000,3.6e+07,40223463.6871508,-1.49498147319444e-09,-1.49498147319444,-3.02539005458333e-09,-3.02539005458333,-1.53040855652778e-09,-1.53040855652778,-1.67037036111111e-09,-1.67037036111111,-3.38032408333333e-09,-3.38032408333333,-1.70995369444444e-09,-1.70995369444444
"20","21-Jan",-0.0502,0.1223,-0.140633333,-0.197391667,-0.056758333,20,24,"21-Jan",86,0.476,"CCMP2458",26,4,NA,"Yes",20,NA,NA,2,0,"",22,220000,3.3e+07,69327731.092437,-2.02852928812121e-09,-2.02852928812121,-2.84722525733333e-09,-2.84722525733333,-8.18695954787879e-10,-0.818695954787879,-4.26161615151515e-09,-4.26161615151515,-5.98156566666667e-09,-5.98156566666667,-1.71994948484848e-09,-1.71994948484848
"22","21-Jan",-0.0727,0.2319,-0.163133333,-0.087791667,0.075341667,35,38,"21-Jan",87,0.783,"CCMP2458",26,4,NA,"Yes",20,NA,NA,1,0,"",36.5,365000,54750000,69923371.6475096,-2.33303013221918e-09,-2.33303013221918,-1.25554110065753e-09,-1.25554110065753,1.07748904586301e-09,1.07748904586301,-2.97960425570776e-09,-2.97960425570776,-1.60350076712329e-09,-1.60350076712329,1.37610350684932e-09,1.37610350684932
"c23","21-Jan",-0.0565,0.322,-0.146933333,0.002308333,0.149241667,36,41,"21-Jan",82,1.021,"Aposymbiotic",26,4,NA,"Yes",NA,NA,NA,7,0,"",38.5,385000,57750000,56562193.927522,-2.59773044143723e-09,-2.59773044143723,4.0810528017316e-11,0.040810528017316,2.6385409871342e-09,2.6385409871342,-2.54430013852814e-09,-2.54430013852814,3.99711341991342e-11,0.0399711341991342,2.58427129004329e-09,2.58427129004329
"24","21-Jan",0.0539,0.2608,-0.036533333,-0.058891667,-0.022358333,11,11,"21-Jan",88,0.197,"CCMP2458",26,4,NA,"Yes",12,14,17,4,1,"",11,110000,16500000,83756345.177665,-4.36185854606061e-10,-0.436185854606061,-7.03130812060606e-10,-0.703130812060606,-2.66944945515152e-10,-0.266944945515152,-2.21414139393939e-09,-2.21414139393939,-3.56919193939394e-09,-3.56919193939394,-1.35505048484848e-09,-1.35505048484848
"27","20-Jan",-1.0405,0.5814,-1.0405,0.5814,1.6219,95,111,"20-Jan",13,0.957,"CCMP2464",26,1,NA,"Yes",26,NA,NA,0,0,"",103,1030000,154500000,161442006.269592,-6.44503883495146e-09,-6.44503883495146,3.60129320388349e-09,3.6012932038835,1.00463320388349e-08,10.0463320388349,-6.73462783171521e-09,-6.73462783171521,3.7631067961165e-09,3.7631067961165,1.04977346278317e-08,10.4977346278317
"52","20-Jan",0.0351,0.3447,0.0351,0.3447,0.3096,46,73,"20-Jan",20,0.297,"FLCass",26,1,NA,"Yes",4,11,14,0,1,"",59.5,595000,89250000,300505050.505051,1.16803361344538e-10,0.116803361344538,1.14706890756303e-09,1.14706890756303,1.03026554621849e-09,1.03026554621849,3.9327731092437e-10,0.39327731092437,3.86218487394958e-09,3.86218487394958,3.46890756302521e-09,3.46890756302521
"28","20-Jan",0.1199,0.3577,0.1199,0.3577,0.2378,12,12,"20-Jan",14,0.151,"CCMP2464",26,1,NA,"Yes",20,22,26,7,1,"",12,120000,1.8e+07,119205298.013245,1.00582777777778e-09,1.00582777777778,3.00070555555556e-09,3.00070555555556,1.99487777777778e-09,1.99487777777778,6.66111111111111e-09,6.66111111111111,1.98722222222222e-08,19.8722222222222,1.32111111111111e-08,13.2111111111111
"29","20-Jan",-0.4385,0.0698,-0.4385,0.0698,0.5083,58,80,"20-Jan",15,0.798,"CCMP2464",26,1,NA,"Yes",24,NA,NA,4,0,"",69,690000,103500000,129699248.120301,-3.38089855072464e-09,-3.38089855072464,5.38168115942029e-10,0.538168115942029,3.91906666666667e-09,3.91906666666667,-4.23671497584541e-09,-4.23671497584541,6.743961352657e-10,0.6743961352657,4.91111111111111e-09,4.91111111111111
"54","20-Jan",0.1746,0.4084,0.1746,0.4084,0.2338,103,110,"20-Jan",22,0.945,"FLCass",26,1,NA,"Yes",6,11,17,0,1,"",106.5,1065000,159750000,169047619.047619,1.03284507042254e-09,1.03284507042254,2.41588732394366e-09,2.41588732394366,1.38304225352113e-09,1.38304225352113,1.09295774647887e-09,1.09295774647887,2.55649452269171e-09,2.55649452269171,1.46353677621283e-09,1.46353677621283
"32","20-Jan",0.1768,0.3636,0.1768,0.3636,0.1868,70,91,"20-Jan",16,0.781,"CCMP2464",26,2,NA,"Yes",20,NA,NA,1,0,"",80.5,805000,120750000,154609475.03201,1.14352629399586e-09,1.14352629399586,2.35173167701863e-09,2.35173167701863,1.20820538302277e-09,1.20820538302277,1.46418219461698e-09,1.46418219461698,3.0111801242236e-09,3.0111801242236,1.54699792960663e-09,1.54699792960663
"56","20-Jan",0.0627,0.29,0.0627,0.29,0.2273,63,54,"20-Jan",23,0.466,"FLCass",26,2,NA,"Yes",4,14,16,0,1,"",58.5,585000,87750000,188304721.030043,3.3297094017094e-10,0.33297094017094,1.54005698005698e-09,1.54005698005698,1.20708603988604e-09,1.20708603988604,7.14529914529915e-10,0.714529914529915,3.3048433048433e-09,3.3048433048433,2.59031339031339e-09,2.59031339031339
"33","20-Jan",-0.2731,1.1964,-0.2731,1.1964,1.4695,114,138,"20-Jan",18,0.927,"CCMP2464",26,2,NA,"Yes",26,28,NA,6,0,"",126,1260000,1.89e+08,203883495.145631,-1.33949047619048e-09,-1.33949047619048,5.86805714285714e-09,5.86805714285714,7.20754761904762e-09,7.20754761904762,-1.44497354497355e-09,-1.44497354497355,6.33015873015873e-09,6.33015873015873,7.77513227513227e-09,7.77513227513228
"57","20-Jan",0.0246,0.2234,0.0246,0.2234,0.1988,48,56,"20-Jan",24,0.423,"FLCass",26,2,NA,"Yes",4,11,14,0,1,"",52,520000,7.8e+07,184397163.120567,1.33407692307692e-10,0.133407692307692,1.21151538461538e-09,1.21151538461538,1.07810769230769e-09,1.07810769230769,3.15384615384615e-10,0.315384615384615,2.86410256410256e-09,2.86410256410256,2.54871794871795e-09,2.54871794871795
"34","20-Jan",-0.0241,0.5378,-0.0241,0.5378,0.5619,88,84,"20-Jan",19,0.574,"CCMP2464",26,2,NA,"Yes",24,NA,NA,0,0,"",86,860000,1.29e+08,224738675.958188,-1.07235658914729e-10,-0.107235658914729,2.3930015503876e-09,2.3930015503876,2.50023720930233e-09,2.50023720930233,-1.86821705426357e-10,-0.186821705426357,4.16899224806202e-09,4.16899224806201,4.35581395348837e-09,4.35581395348837
"60","20-Jan",0.0878,0.3378,0.0878,0.3378,0.25,59,58,"20-Jan",25,0.301,"FLCass",26,2,NA,"Yes",4,14,16,2,1,"",58.5,585000,87750000,291528239.202658,3.0117150997151e-10,0.30117150997151,1.15872136752137e-09,1.15872136752137,8.57549857549858e-10,0.857549857549858,1.0005698005698e-09,1.0005698005698,3.84957264957265e-09,3.84957264957265,2.84900284900285e-09,2.84900284900285
"c1","20-Jan",-0.0335,0.4908,-0.174075,0.040666667,0.214741667,31,27,"20-Jan",1,1.075,"Aposymbiotic",26,1,NA,"Yes",NA,NA,NA,6,0,"",29,290000,43500000,40465116.2790698,-4.30185344827586e-09,-4.30185344827586,1.00498085114943e-09,1.00498085114943,5.30683429942529e-09,5.30683429942529,-4.00172413793103e-09,-4.00172413793103,9.34865908045977e-10,0.934865908045977,4.93659004597701e-09,4.93659004597701
"2","20-Jan",-0.0125,0.6325,-0.153075,0.182366667,0.335441667,66,71,"20-Jan",7,0.488,"CCMP2458",26,1,NA,"Yes",20,NA,NA,2,0,"",68.5,685000,102750000,210553278.688525,-7.27013138686131e-10,-0.727013138686131,8.66130739620438e-10,0.866130739620438,1.59314387830657e-09,1.59314387830657,-1.48978102189781e-09,-1.48978102189781,1.7748580729927e-09,1.7748580729927,3.26463909489051e-09,3.26463909489051
"c5","20-Jan",0.0435,0.5216,-0.097075,0.071466667,0.168541667,25,25,"20-Jan",2,0.619,"Aposymbiotic",26,1,NA,"Yes",NA,NA,NA,3,0,"",25,250000,37500000,60581583.1987076,-1.60238466666667e-09,-1.60238466666667,1.17967644994667e-09,1.17967644994667,2.78206111661333e-09,2.78206111661333,-2.58866666666667e-09,-2.58866666666667,1.90577778666667e-09,1.90577778666667,4.49444445333333e-09,4.49444445333333
"5","20-Jan",-0.0569,0.3668,-0.197475,-0.083333333,0.114141667,32,59,"20-Jan",8,0.557,"CCMP2458",26,1,NA,"Yes",26,NA,NA,2,0,"",45.5,455000,68250000,122531418.312388,-1.61162747252747e-09,-1.61162747252747,-6.80097677377289e-10,-0.680097677377289,9.31529795150183e-10,0.931529795150183,-2.89340659340659e-09,-2.89340659340659,-1.22100121611722e-09,-1.22100121611722,1.67240537728938e-09,1.67240537728938
"c6","20-Jan",0.1053,0.2573,-0.035275,-0.192833333,-0.157558333,46,40,"20-Jan",3,0.817,"Aposymbiotic",26,1,NA,"Yes",NA,NA,NA,1,0,"",43,430000,64500000,78947368.4210526,-4.46816666666667e-10,-0.446816666666667,-2.44255555133333e-09,-2.44255555133333,-1.99573888466667e-09,-1.99573888466667,-5.46899224806202e-10,-0.546899224806202,-2.98966407751938e-09,-2.98966407751938,-2.44276485271318e-09,-2.44276485271318
"6","20-Jan",0.0961,0.395,-0.044475,-0.055133333,-0.010658333,8,10,"20-Jan",9,0.164,"CCMP2458",26,1,NA,"Yes",16,18,22,4,1,"",9,90000,13500000,82317073.1707317,-5.40288888888889e-10,-0.540288888888889,-6.69767897185185e-10,-0.669767897185185,-1.29479008296296e-10,-0.129479008296296,-3.29444444444444e-09,-3.29444444444444,-4.08395059259259e-09,-4.08395059259259,-7.89506148148148e-10,-0.789506148148148
"c7","20-Jan",-0.1103,0.3868,-0.250875,-0.063333333,0.187541667,18,17,"20-Jan",4,0.584,"Aposymbiotic",26,2,NA,"Yes",NA,NA,NA,5,0,"",17.5,175000,26250000,44948630.1369863,-5.58137142857143e-09,-5.58137142857143,-1.4090158656e-09,-1.4090158656,4.17235556297143e-09,4.17235556297143,-9.55714285714286e-09,-9.55714285714286,-2.4126984e-09,-2.4126984,7.14444445714286e-09,7.14444445714286
"8","20-Jan",-0.0271,0.4024,-0.167675,-0.047733333,0.119941667,65,54,"20-Jan",10,0.437,"CCMP2458",26,2,NA,"Yes",20,NA,NA,3,0,"",59.5,595000,89250000,204233409.610984,-8.20996918767507e-10,-0.820996918767507,-2.33719512840336e-10,-0.233719512840336,5.87277405927171e-10,0.587277405927171,-1.87871148459384e-09,-1.87871148459384,-5.34827260504202e-10,-0.534827260504202,1.34388422408964e-09,1.34388422408964
"c11","20-Jan",0.1349,0.4266,-0.005675,-0.023533333,-0.017858333,24,23,"20-Jan",5,0.588,"Aposymbiotic",26,2,NA,"Yes",NA,NA,NA,6,0,"",23.5,235000,35250000,59948979.5918367,-9.46638297872341e-11,-0.094663829787234,-3.92556022808511e-10,-0.392556022808511,-2.97892193021277e-10,-0.297892193021277,-1.60992907801418e-10,-0.160992907801418,-6.67612283687943e-10,-0.667612283687943,-5.06619375886525e-10,-0.506619375886525
"10","20-Jan",-0.2817,0.5746,-0.422275,0.124466667,0.546741667,62,69,"20-Jan",11,0.474,"CCMP2458",26,2,NA,"Yes",20,NA,NA,1,0,"",65.5,655000,98250000,207278481.012658,-2.03723511450382e-09,-2.03723511450382,6.00480408732824e-10,0.600480408732824,2.63771552323664e-09,2.63771552323664,-4.29796437659033e-09,-4.29796437659033,1.26683630534351e-09,1.26683630534351,5.56480068193384e-09,5.56480068193384
"c12","20-Jan",-0.1094,0.2645,-0.249975,-0.185633333,0.064341667,15,10,"20-Jan",6,0.672,"Aposymbiotic",26,2,NA,"Yes",NA,NA,NA,4,0,"",12.5,125000,18750000,27901785.7142857,-8.959104e-09,-8.959104,-6.65309865472e-09,-6.65309865472,2.30600534528e-09,2.30600534528,-1.3332e-08,-13.332,-9.90044442666667e-09,-9.90044442666667,3.43155557333333e-09,3.43155557333333
"12","20-Jan",-0.2029,0.3935,-0.343475,-0.056633333,0.286841667,61,71,"20-Jan",12,0.899,"CCMP2458",26,2,NA,"Yes",14,NA,NA,1,0,"",66,660000,9.9e+07,110122358.175751,-3.11903055555556e-09,-3.11903055555556,-5.14276427949495e-10,-0.514276427949495,2.60475412760606e-09,2.60475412760606,-3.46944444444444e-09,-3.46944444444444,-5.72053868686869e-10,-0.572053868686869,2.89739057575758e-09,2.89739057575758
"75","20-Jan",-0.2258,0.46,-0.424891667,0.07315,0.498041667,65,51,"20-Jan",26,0.542,"KB8",26,1,NA,"Yes",5,11,15,2,1,"",58,580000,8.7e+07,160516605.166052,-2.64702624728736e-09,-2.64702624728736,4.55716091954023e-10,0.455716091954023,3.10274233924138e-09,3.10274233924138,-4.88381226436782e-09,-4.88381226436782,8.4080459770115e-10,0.84080459770115,5.72461686206897e-09,5.72461686206897
"97","20-Jan",-0.1592,0.5367,-0.358291667,0.14985,0.508141667,126,149,"20-Jan",32,1.239,"RT362",26,1,NA,"Yes",NA,NA,NA,2,0,"",137.5,1375000,206250000,166464891.041162,-2.15235575957818e-09,-2.15235575957818,9.00189818181818e-10,0.900189818181818,3.05254557776e-09,3.05254557776,-1.73717171878788e-09,-1.73717171878788,7.26545454545455e-10,0.726545454545455,2.46371717333333e-09,2.46371717333333
"76","20-Jan",-0.1318,0.4519,-0.330891667,0.06505,0.395941667,43,66,"20-Jan",27,0.503,"KB8",26,1,NA,"Yes",5,13,17,1,1,"",54.5,545000,81750000,162524850.894632,-2.03594505811621e-09,-2.03594505811621,4.00246483180428e-10,0.400246483180428,2.43619154129664e-09,2.43619154129664,-4.04760448929664e-09,-4.04760448929664,7.95718654434251e-10,0.795718654434251,4.84332314373089e-09,4.84332314373089
"101","20-Jan",-0.1104,0.1814,-0.309491667,-0.20545,0.104041667,61,81,"20-Jan",33,1.102,"RT362",26,1,NA,"Yes",27,NA,NA,2,0,"",71,710000,106500000,96642468.2395644,-3.20243959656338e-09,-3.20243959656338,-2.12587699530516e-09,-2.12587699530516,1.07656260125822e-09,1.07656260125822,-2.90602504225352e-09,-2.90602504225352,-1.92910798122066e-09,-1.92910798122066,9.76917061032864e-10,0.976917061032864
"77","20-Jan",-0.1834,0.2318,-0.382491667,-0.15505,0.227441667,55,80,"20-Jan",28,0.361,"KB8",26,1,NA,"Yes",5,11,13,0,1,"",67.5,675000,101250000,280470914.127424,-1.3637480670321e-09,-1.3637480670321,-5.5282024691358e-10,-0.55282024691358,8.10927820118518e-10,0.810927820118518,-3.77769547654321e-09,-3.77769547654321,-1.53135802469136e-09,-1.53135802469136,2.24633745185185e-09,2.24633745185185
"102","20-Jan",0.165,0.252,-0.034091667,-0.13485,-0.100758333,12,13,"20-Jan",34,0.255,"RT362",26,1,NA,"Yes",19,21,24,4,1,"",12.5,125000,18750000,73529411.7647059,-4.636466712e-10,-0.4636466712,-1.83396e-09,-1.83396,-1.3703133288e-09,-1.3703133288,-1.81822224e-09,-1.81822224,-7.192e-09,-7.192,-5.37377776e-09,-5.37377776
"79","20-Jan",-0.5285,0.5746,-0.727591667,0.18775,0.915341667,55,57,"20-Jan",29,0.303,"KB8",26,2,NA,"Yes",5,13,17,2,1,"",56,560000,8.4e+07,277227722.772277,-2.62452708453571e-09,-2.62452708453571,6.77241071428571e-10,0.677241071428571,3.30176815596429e-09,3.30176815596429,-8.66180555952381e-09,-8.66180555952381,2.23511904761905e-09,2.23511904761905,1.08969246071429e-08,10.8969246071429
"104","20-Jan",0.1712,0.2676,-0.027891667,-0.11925,-0.091358333,119,114,"20-Jan",35,0.927,"RT362",26,2,NA,"Yes",25,NA,NA,3,0,"",116.5,1165000,174750000,188511326.860841,-1.47957512497854e-10,-0.147957512497854,-6.32587982832618e-10,-0.632587982832618,-4.84630470334764e-10,-0.484630470334764,-1.59608967095851e-10,-0.159608967095851,-6.82403433476395e-10,-0.682403433476395,-5.22794466380544e-10,-0.522794466380544
"81","20-Jan",0.1871,0.225,-0.011991667,-0.16185,-0.149858333,67,63,"20-Jan",30,0.676,"KB8",26,2,NA,"Yes",5,11,14,2,1,"",65,650000,97500000,144230769.230769,-8.31422245333333e-11,-0.0831422245333333,-1.12216e-09,-1.12216,-1.03901777546667e-09,-1.03901777546667,-1.22991456410256e-10,-0.122991456410256,-1.66e-09,-1.66,-1.53700854358974e-09,-1.53700854358974
"105","20-Jan",-0.5019,0.1667,-0.700991667,-0.22015,0.480841667,129,155,"20-Jan",36,1.158,"RT362",26,2,NA,"Yes",27,NA,NA,0,0,"",142,1420000,2.13e+08,183937823.834197,-3.8110251191831e-09,-3.8110251191831,-1.19687183098592e-09,-1.19687183098592,2.61415328819718e-09,2.61415328819718,-3.29104069014085e-09,-3.29104069014085,-1.03356807511737e-09,-1.03356807511737,2.25747261502347e-09,2.25747261502347
"84","20-Jan",0.0733,0.3169,-0.125791667,-0.06995,0.055841667,83,96,"20-Jan",31,0.69,"KB8",26,2,NA,"Yes",5,11,14,0,1,"",89.5,895000,134250000,194565217.391304,-6.46527003575419e-10,-0.646527003575419,-3.59519553072626e-10,-0.359519553072626,2.87007450502793e-10,0.287007450502793,-9.3699565735568e-10,-0.93699565735568,-5.21042830540037e-10,-0.521042830540037,4.15952826815642e-10,0.415952826815642
"108","20-Jan",0.002,0.268,-0.197091667,-0.11885,0.078241667,40,54,"20-Jan",37,0.577,"RT362",26,2,NA,"Yes",19,NA,NA,3,0,"",47,470000,70500000,122183708.838822,-1.6130764802695e-09,-1.6130764802695,-9.72715602836879e-10,-0.972715602836879,6.40360877432624e-10,0.640360877432624,-2.7956264822695e-09,-2.7956264822695,-1.68581560283688e-09,-1.68581560283688,1.10981087943262e-09,1.10981087943262
"145","20-Jan",0.4768,0.5423,0.102691667,0.0783,-0.024391667,56,56,"20-Jan",51,0.425,"CCMP2464",30,1,NA,"Yes",11,12,14,0,1,"",56,560000,8.4e+07,197647058.823529,5.1957093422619e-10,0.51957093422619,3.96160714285714e-10,0.396160714285714,-1.23410219940476e-10,-0.123410219940476,1.2225198452381e-09,1.2225198452381,9.32142857142857e-10,0.932142857142857,-2.90376988095238e-10,-0.290376988095238
"169","20-Jan",0.2311,0.3728,-0.143008333,-0.0912,0.051808333,42,46,"20-Jan",57,0.321,"FLCass",30,1,NA,"Yes",14,16,18,0,1,"Plate spilled on day 6",44,440000,6.6e+07,205607476.635514,-6.95540528681818e-10,-0.695540528681818,-4.43563636363636e-10,-0.443563636363636,2.51976892318182e-10,0.251976892318182,-2.16679292424242e-09,-2.16679292424242,-1.38181818181818e-09,-1.38181818181818,7.84974742424242e-10,0.784974742424242
"147","20-Jan",0.2121,0.2851,-0.162008333,-0.1789,-0.016891667,20,36,"20-Jan",52,1.043,"CCMP2464",30,1,NA,"Yes",NA,NA,NA,1,0,"",28,280000,4.2e+07,40268456.3758389,-4.02320693616667e-09,-4.02320693616667,-4.44268333333333e-09,-4.44268333333333,-4.19476397166667e-10,-0.419476397166667,-3.85734126190476e-09,-3.85734126190476,-4.25952380952381e-09,-4.25952380952381,-4.02182547619048e-10,-0.402182547619048
"172","20-Jan",0.0843,0.391,-0.289808333,-0.073,0.216808333,53,39,"20-Jan",58,0.598,"FLCass",30,1,NA,"Yes",7,11,14,0,1,"Plate spilled on day 6",46,460000,6.9e+07,115384615.384615,-2.51167221933333e-09,-2.51167221933333,-6.32666666666667e-10,-0.632666666666667,1.87900555266667e-09,1.87900555266667,-4.20012076811594e-09,-4.20012076811594,-1.05797101449275e-09,-1.05797101449275,3.14214975362319e-09,3.14214975362319
"149","20-Jan",0.1682,0.497,-0.205908333,0.033,0.238908333,74,56,"20-Jan",53,0.63,"CCMP2464",30,1,NA,"Yes",24,NA,NA,4,0,"",65,650000,97500000,154761904.761905,-1.33048461323077e-09,-1.33048461323077,2.13230769230769e-10,0.213230769230769,1.54371538246154e-09,1.54371538246154,-2.11188033846154e-09,-2.11188033846154,3.38461538461538e-10,0.338461538461538,2.45034187692308e-09,2.45034187692308
"174","20-Jan",-0.0887,0.2189,-0.462808333,-0.2451,0.217708333,19,45,"20-Jan",59,0.66,"FLCass",30,1,NA,"Yes",7,11,14,0,1,"Plate spilled on day 6",32,320000,4.8e+07,72727272.7272727,-6.36361457875e-09,-6.36361457875,-3.370125e-09,-3.370125,2.99348957875e-09,2.99348957875,-9.64184027083333e-09,-9.64184027083333,-5.10625e-09,-5.10625,4.53559027083333e-09,4.53559027083333
"153","20-Jan",-0.3066,0.6489,-0.680708333,0.1849,0.865608333,74,71,"20-Jan",54,0.598,"CCMP2464",30,2,NA,"Yes",26,NA,NA,2,0,"",72.5,725000,108750000,181856187.29097,-3.74311340812874e-09,-3.74311340812873,1.01673747126437e-09,1.01673747126437,4.7598508793931e-09,4.7598508793931,-6.25938697011494e-09,-6.25938697011494,1.70022988505747e-09,1.70022988505747,7.95961685517241e-09,7.95961685517241
"175","20-Jan",0.3015,0.839,-0.072608333,0.375,0.447608333,26,18,"20-Jan",60,0.644,"FLCass",30,2,NA,"Yes",4,8,10,1,1,"",22,220000,3.3e+07,51242236.0248447,-1.41696261975758e-09,-1.41696261975758,7.31818181818182e-09,7.31818181818182,8.73514443793939e-09,8.73514443793939,-2.20025251515151e-09,-2.20025251515152,1.13636363636364e-08,11.3636363636364,1.35638888787879e-08,13.5638888787879
"154","20-Jan",0.3733,0.3323,-0.000808333,-0.1317,-0.130891667,42,66,"20-Jan",55,0.806,"CCMP2464",30,2,NA,"Yes",NA,NA,NA,1,0,"",54,540000,8.1e+07,100496277.915633,-8.04341232098765e-12,-0.00804341232098765,-1.3104962962963e-09,-1.3104962962963,-1.30245288397531e-09,-1.30245288397531,-9.97941975308642e-12,-0.00997941975308642,-1.62592592592593e-09,-1.62592592592593,-1.61594650617284e-09,-1.61594650617284
"177","20-Jan",0.2623,-0.1934,-0.111808333,-0.6574,-0.545591667,50,45,"20-Jan",61,0.439,"FLCass",30,2,NA,"Yes",4,9,12,2,1,"",47.5,475000,71250000,162300683.371298,-6.8889625525614e-10,-0.68889625525614,-4.05050666666667e-09,-4.05050666666667,-3.36161041141053e-09,-3.36161041141053,-1.56923976140351e-09,-1.56923976140351,-9.22666666666667e-09,-9.22666666666667,-7.65742690526316e-09,-7.65742690526316
"155","20-Jan",0.6356,0.4588,0.261491667,-0.0052,-0.266691667,27,23,"20-Jan",56,0.607,"CCMP2464",30,2,NA,"Yes",26,NA,NA,2,0,"",25,250000,37500000,61779242.1746293,4.23267844984e-09,4.23267844984,-8.41706666666667e-11,-0.0841706666666667,-4.31684911650667e-09,-4.31684911650667,6.97311112e-09,6.97311112,-1.38666666666667e-10,-0.138666666666667,-7.11177778666667e-09,-7.11177778666667
"180","20-Jan",0.4107,0.6373,0.036591667,0.1733,0.136708333,31,30,"20-Jan",62,0.578,"FLCass",30,2,NA,"Yes",4,8,11,2,2,"",30.5,305000,45750000,79152249.1349481,4.62294721879781e-10,0.462294721879781,2.18945136612022e-09,2.18945136612022,1.72715664424044e-09,1.72715664424044,7.99817857923497e-10,0.799817857923497,3.7879781420765e-09,3.7879781420765,2.988160284153e-09,2.98816028415301
"c25","20-Jan",0.3611,0.4535,-0.008433333,0.031158333,0.039591667,68,62,"20-Jan",39,0.639,"Aposymbiotic",30,1,NA,"Yes",NA,NA,NA,4,0,"",65,650000,97500000,152582159.624413,-5.52707670461538e-11,-0.0552707670461538,2.04206920892308e-10,0.204206920892308,2.59477694492308e-10,0.259477694492308,-8.64957230769231e-11,-0.0864957230769231,3.19572646153846e-10,0.319572646153846,4.06068379487179e-10,0.406068379487179
"121","20-Jan",0.2855,0.5221,-0.084033333,0.099758333,0.183791667,55,49,"20-Jan",45,0.455,"CCMP2458",30,1,NA,"Yes",24,NA,NA,1,0,"",52,520000,7.8e+07,171428571.428571,-4.901944425e-10,-0.4901944425,5.81923609166667e-10,0.581923609166667,1.0721180575e-09,1.0721180575,-1.07735042307692e-09,-1.07735042307692,1.27895298717949e-09,1.27895298717949,2.35630342307692e-09,2.35630342307692
"c26","20-Jan",0.4034,0.4545,0.033866667,0.032158333,-0.001708333,66,89,"20-Jan",40,0.637,"Aposymbiotic",30,1,NA,"Yes",NA,NA,NA,3,0,"",77.5,775000,116250000,182496075.353218,1.85574768851613e-10,0.185574768851613,1.76213833298925e-10,0.176213833298925,-9.36093007311828e-12,-0.00936093007311828,2.91326167741935e-10,0.291326167741935,2.76630821505376e-10,0.276630821505376,-1.46953376344086e-11,-0.0146953376344086
"125","20-Jan",0.3049,0.4942,-0.064633333,0.071858333,0.136491667,13,7,"20-Jan",46,0.204,"CCMP2458",30,1,NA,"Yes",10,12,17,3,1,"",10,1e+05,1.5e+07,73529411.7647059,-8.790133288e-10,-0.8790133288,9.772733288e-10,0.9772733288,1.8562866712e-09,1.8562866712,-4.30888886666667e-09,-4.30888886666667,4.79055553333333e-09,4.79055553333333,9.09944446666667e-09,9.09944446666667
"c27","20-Jan",0.1856,0.3715,-0.183933333,-0.050841667,0.133091667,71,113,"20-Jan",41,1.084,"Aposymbiotic",30,1,NA,"Yes",NA,NA,NA,8,0,"",92,920000,1.38e+08,127306273.062731,-1.44480965921739e-09,-1.44480965921739,-3.99364978463768e-10,-0.399364978463768,1.0454446886087e-09,1.0454446886087,-1.33285023913043e-09,-1.33285023913043,-3.68417876811594e-10,-0.368417876811594,9.64432369565217e-10,0.964432369565217
"126","20-Jan",-0.0476,0.4598,-0.417133333,0.037458333,0.454591667,10,6,"20-Jan",47,0.287,"CCMP2458",30,1,NA,"Yes",14,14,17,2,1,"",8,80000,1.2e+07,41811846.6898955,-9.97643888091667e-09,-9.97643888091667,8.9587846425e-10,0.89587846425,1.08723173690833e-08,10.8723173690833,-3.47611110833333e-08,-34.7611110833333,3.12152775e-09,3.12152775,3.78826389166667e-08,37.8826389166667
"c33","20-Jan",0.3552,0.1496,-0.014333333,-0.272741667,-0.258408333,49,59,NA,NA,NA,"Aposymbiotic",30,2,NA,"Yes",NA,NA,NA,2,0,"",54,540000,8.1e+07,NA,NA,NA,NA,NA,NA,NA,-1.76954728395062e-10,-0.176954728395062,-3.36718107407407e-09,-3.36718107407407,-3.19022633333333e-09,-3.19022633333333
"127","20-Jan",-0.153,0.5525,-0.522533333,0.130158333,0.652691667,32,14,"20-Jan",48,0.239,"CCMP2458",30,2,NA,"Yes",16,18,22,0,1,"",23,230000,34500000,144351464.435146,-3.61986859672464e-09,-3.61986859672464,9.0167656773913e-10,0.90167656773913,4.5215451713913e-09,4.5215451713913,-1.51458937101449e-08,-15.1458937101449,3.77270530434783e-09,3.77270530434783,1.89185990434783e-08,18.9185990434783
"c35","20-Jan",0.4922,0.3871,0.122666667,-0.035241667,-0.157908333,4,5,"20-Jan",43,0.583,"Aposymbiotic",30,2,NA,"Yes",NA,NA,NA,5,0,"",4.5,45000,6750000,11578044.5969125,1.05947654608889e-08,10.5947654608889,-3.04383583125926e-09,-3.04383583125926,-1.36386012057778e-08,-13.6386012057778,1.81728395555556e-08,18.1728395555556,-5.2209877037037e-09,-5.2209877037037,-2.33938271111111e-08,-23.3938271111111
"129","20-Jan",0.2855,0.2638,-0.084033333,-0.158541667,-0.074508333,49,44,"20-Jan",49,0.253,"CCMP2458",30,2,NA,"Yes",10,11,13,0,1,"",46.5,465000,69750000,275691699.604743,-3.0480907883871e-10,-0.30480907883871,-5.75068698939068e-10,-0.575068698939068,-2.70259616473118e-10,-0.270259616473118,-1.20477896774194e-09,-1.20477896774194,-2.27299881003584e-09,-2.27299881003584,-1.06821982795699e-09,-1.06821982795699
"c36","20-Jan",0.3322,0.2337,-0.037333333,-0.188641667,-0.151308333,11,9,"20-Jan",44,0.691,"Aposymbiotic",30,2,NA,"Yes",NA,NA,NA,7,0,"",10,1e+05,1.5e+07,21707670.0434153,-1.71982220686667e-09,-1.71982220686667,-8.69009279313333e-09,-8.69009279313333,-6.9702705402e-09,-6.9702705402,-2.48888886666667e-09,-2.48888886666667,-1.25761111333333e-08,-12.5761111333333,-1.00872222e-08,-10.0872222
"131","20-Jan",0.3286,0.3006,-0.040933333,-0.121741667,-0.080808333,16,23,"20-Jan",50,0.17,"CCMP2458",30,2,NA,"Yes",16,18,19,0,1,"",19.5,195000,29250000,172058823.529412,-2.37903131965812e-10,-0.237903131965812,-7.07558406495727e-10,-0.707558406495727,-4.69655268717949e-10,-0.469655268717949,-1.39943018803419e-09,-1.39943018803419,-4.16210827350427e-09,-4.16210827350427,-2.76267805128205e-09,-2.76267805128205
"194","20-Jan",0.4619,0.5468,-0.029241667,0.062016667,0.091258333,25,16,"20-Jan",63,0.397,"KB8",30,1,NA,"Yes",4,8,12,0,1,"",20.5,205000,30750000,77455919.395466,-3.77526562569106e-10,-0.377526562569106,8.0067046500813e-10,0.80067046500813,1.17819701466667e-09,1.17819701466667,-9.50948520325203e-10,-0.950948520325203,2.01680217886179e-09,2.01680217886179,2.96775066666667e-09,2.96775066666667
"218","20-Jan",0.2351,0.8547,-0.256041667,0.369916667,0.625958333,46,42,"20-Jan",69,0.522,"RT362",30,1,NA,"Yes",25,NA,NA,4,0,"",44,440000,6.6e+07,126436781.609195,-2.02505682081818e-09,-2.02505682081818,2.92570454809091e-09,2.92570454809091,4.950761361e-09,4.950761361,-3.8794191969697e-09,-3.8794191969697,5.60479798484848e-09,5.60479798484848,9.48421716666667e-09,9.48421716666667
"195","20-Jan",0.2722,0.6531,-0.218941667,0.168316667,0.387258333,21,32,"20-Jan",64,0.347,"KB8",30,1,NA,"Yes",4,9,12,2,1,"",26.5,265000,39750000,114553314.121037,-1.91126436349686e-09,-1.91126436349686,1.4693304012327e-09,1.4693304012327,3.380594756e-09,3.380594756,-5.5079664654088e-09,-5.50796646540881,4.23438155974843e-09,4.23438155974843,9.742348e-09,9.742348
"219","20-Jan",-0.1019,0.5006,-0.593041667,0.015816667,0.608858333,62,50,"20-Jan",70,0.626,"RT362",30,1,NA,"Yes",23,NA,NA,1,0,"",56,560000,8.4e+07,134185303.514377,-4.41957242311905e-09,-4.41957242311905,1.17871827880952e-10,0.117871827880952,4.53744424354762e-09,4.53744424354762,-7.06001984523810e-09,-7.0600198452381,1.88293654761905e-10,0.188293654761905,7.24831348809524e-09,7.24831348809524
"198","20-Jan",0.0602,0.2992,-0.430941667,-0.185583333,0.245358333,20,12,"20-Jan",65,0.29,"KB8",30,1,NA,"Yes",4,8,11,2,1,"",16,160000,2.4e+07,82758620.6896552,-5.20721180958333e-09,-5.20721180958333,-2.24246527375e-09,-2.24246527375,2.96474652375e-09,2.96474652375,-1.79559027916667e-08,-17.9559027916667,-7.732638875e-09,-7.732638875,1.0223263875e-08,10.223263875
"220","20-Jan",0.3834,0.4896,-0.107741667,0.004816667,0.112558333,2,6,"20-Jan",71,0.226,"RT362",30,1,NA,"Yes",21,23,28,0,1,"",4,40000,6e+06,26548672.5663717,-4.058269457e-09,-4.058269457,1.81427790333333e-10,0.181427790333333,4.23969720966667e-09,4.23969720966667,-1.79569445e-08,-17.9569445,8.02777833333333e-10,0.802777833333333,1.87597221666667e-08,18.7597221666667
"200","20-Jan",0.3559,0.1975,-0.135241667,-0.287283333,-0.152041667,23,34,"20-Jan",66,0.415,"KB8",30,2,NA,"Yes",4,8,10,0,1,"",28.5,285000,42750000,103012048.192771,-1.31287232292398e-09,-1.31287232292398,-2.7888323554386e-09,-2.7888323554386,-1.47596004222222e-09,-1.47596004222222,-3.16354776608187e-09,-3.16354776608187,-6.72007796491228e-09,-6.72007796491228,-3.55653022222222e-09,-3.55653022222222
"223","20-Jan",0.4501,0.3367,-0.041041667,-0.148083333,-0.107041667,3,11,"20-Jan",72,0.158,"RT362",30,2,NA,"Yes",12,13,15,2,1,"",7,70000,10500000,66455696.2025316,-6.17579370095238e-10,-0.617579370095238,-2.22830158228571e-09,-2.22830158228571,-1.6107222272381e-09,-1.6107222272381,-3.90873019047619e-09,-3.90873019047619,-1.41031745714286e-08,-14.1031745714286,-1.01944444761905e-08,-10.1944444761905
"201","20-Jan",0.3703,0.3393,-0.120841667,-0.145483333,-0.024641667,62,43,"20-Jan",67,0.809,"KB8",30,2,NA,"Yes",4,8,11,3,1,"",52.5,525000,78750000,97342398.0222497,-1.2414083632127e-09,-1.2414083632127,-1.49455258916825e-09,-1.49455258916825,-2.53144236228571e-10,-0.253144236228571,-1.53449735873016e-09,-1.53449735873016,-1.8474074031746e-09,-1.8474074031746,-3.12910057142857e-10,-0.312910057142857
"224","20-Jan",0.5392,0.4564,0.048058333,-0.028383333,-0.076441667,31,22,"20-Jan",73,0.702,"RT362",30,2,NA,"Yes",NA,NA,NA,4,0,"",26.5,265000,39750000,56623931.6239316,8.48728296e-10,0.848728296,-5.01260371471698e-10,-0.501260371471698,-1.34998868513208e-09,-1.34998868513208,1.20901466666667e-09,1.20901466666667,-7.14046113207547e-10,-0.714046113207547,-1.92306080503145e-09,-1.92306080503145
"204","20-Jan",0.3751,0.4193,-0.116041667,-0.065483333,0.050558333,31,34,"20-Jan",68,0.347,"KB8",30,2,NA,"Yes",4,8,12,2,1,"",32.5,325000,48750000,140489913.544669,-8.25978634851282e-10,-0.825978634851282,-4.66107006174359e-10,-0.466107006174359,3.59871621558974e-10,0.359871621558974,-2.38034188717949e-09,-2.38034188717949,-1.34324785641026e-09,-1.34324785641026,1.03709401025641e-09,1.03709401025641
"228","20-Jan",0.4403,0.3479,-0.050841667,-0.136883333,-0.086041667,10,6,"20-Jan",74,0.262,"RT362",30,2,NA,"Yes",10,13,15,1,1,"",8,80000,1.2e+07,45801526.7175573,-1.11004306283333e-09,-1.11004306283333,-2.98861943716667e-09,-2.98861943716667,-1.87857639616667e-09,-1.87857639616667,-4.23680558333333e-09,-4.23680558333333,-1.14069444166667e-08,-11.4069444166667,-7.17013891666667e-09,-7.17013891666667
"37","21-Jan",-0.0604,0.236,-0.162841667,-0.1856,-0.022758333,21,35,"21-Jan",89,0.721,"CCMP2464",26,3,NA,"Yes",28,NA,NA,0,0,"",28,280000,4.2e+07,58252427.184466,-2.79544861683333e-09,-2.79544861683333,-3.18613333333333e-09,-3.18613333333333,-3.906847165e-10,-0.3906847165,-3.87718254761905e-09,-3.87718254761905,-4.41904761904762e-09,-4.41904761904762,-5.41865071428571e-10,-0.541865071428571
"61","21-Jan",0.1218,0.3714,0.019358333,-0.0502,-0.069558333,13,21,"21-Jan",95,0.309,"FLCass",26,3,NA,"Yes",4,14,15,1,1,"",17,170000,25500000,82524271.8446602,2.34577446941176e-10,0.234577446941176,-6.08305882352941e-10,-0.608305882352941,-8.42883329294118e-10,-0.842883329294118,7.5915031372549e-10,0.75915031372549,-1.96862745098039e-09,-1.96862745098039,-2.72777776470588e-09,-2.72777776470588
"38","21-Jan",-0.1124,0.3017,-0.214841667,-0.1199,0.094941667,19,35,"21-Jan",90,0.731,"CCMP2464",26,3,NA,"Yes",NA,NA,NA,4,0,"",27,270000,40500000,55403556.7715458,-3.87775947103704e-09,-3.87775947103704,-2.16412098765432e-09,-2.16412098765432,1.71363848338272e-09,1.71363848338272,-5.30473251851852e-09,-5.30473251851852,-2.96049382716049e-09,-2.96049382716049,2.34423869135802e-09,2.34423869135802
"64","21-Jan",0.002,0.464,-0.100441667,0.0424,0.142841667,4,18,"21-Jan",96,0.598,"FLCass",26,3,NA,"Yes",4,11,15,5,1,"",11,110000,16500000,27591973.2441472,-3.6402495070303e-09,-3.6402495070303,1.53667878787879e-09,1.53667878787879,5.17692829490909e-09,5.17692829490909,-6.08737375757576e-09,-6.08737375757576,2.56969696969697e-09,2.56969696969697,8.65707072727273e-09,8.65707072727273
"41","21-Jan",0.0252,0.3515,-0.077241667,-0.0701,0.007141667,1,3,"21-Jan",91,0.229,"CCMP2464",26,3,NA,"Yes",16,18,22,4,1,"",2,20000,3e+06,13100436.6812227,-5.89611391433333e-09,-5.89611391433333,-5.35096666666667e-09,-5.35096666666667,5.45147247666667e-10,0.545147247666667,-2.57472223333333e-08,-25.7472223333333,-2.33666666666667e-08,-23.3666666666667,2.38055566666667e-09,2.38055566666667
"65","21-Jan",-0.1719,0.3387,-0.274341667,-0.0829,0.191441667,12,15,"21-Jan",97,0.476,"FLCass",26,3,NA,"Yes",4,11,15,2,1,"",13.5,135000,20250000,42542016.8067227,-6.44872264158025e-09,-6.44872264158025,-1.94866172839506e-09,-1.94866172839506,4.50006091318518e-09,4.50006091318518,-1.35477366419753e-08,-13.5477366419753,-4.09382716049383e-09,-4.09382716049383,9.45390948148148e-09,9.45390948148148
"45","21-Jan",0.0266,0.3035,-0.075841667,-0.1181,-0.042258333,1,3,"21-Jan",92,0.051,"CCMP2464",26,4,NA,"Yes",18,20,24,3,1,"",2,20000,3e+06,58823529.4117647,-1.289308339e-09,-1.289308339,-2.0077e-09,-2.0077,-7.18391661e-10,-0.718391661,-2.52805556666667e-08,-25.2805556666667,-3.93666666666667e-08,-39.3666666666667,-1.4086111e-08,-14.086111
"68","21-Jan",0.0409,0.3107,-0.061541667,-0.1109,-0.049358333,14,17,"21-Jan",98,0.362,"FLCass",26,4,NA,"Yes",4,11,16,1,1,"",15.5,155000,23250000,64226519.3370166,-9.58197137806452e-10,-0.958197137806452,-1.72670107526882e-09,-1.72670107526882,-7.68503937462366e-10,-0.768503937462366,-2.64695341935484e-09,-2.64695341935484,-4.76989247311828e-09,-4.76989247311828,-2.12293905376344e-09,-2.12293905376344
"47","21-Jan",0.0121,0.3346,-0.090341667,-0.087,0.003341667,24,20,"21-Jan",93,0.884,"CCMP2464",26,4,NA,"Yes",24,NA,NA,3,0,"",22,220000,3.3e+07,37330316.7420814,-2.42006162509091e-09,-2.42006162509091,-2.33054545454545e-09,-2.33054545454545,8.95161705454545e-11,0.0895161705454545,-2.73762627272727e-09,-2.73762627272727,-2.63636363636364e-09,-2.63636363636364,1.01262636363636e-10,0.101262636363636
"70","21-Jan",-0.0681,0.2868,-0.170541667,-0.1348,0.035741667,13,27,"21-Jan",99,0.407,"FLCass",26,4,NA,"Yes",4,14,16,3,1,"",20,2e+05,3e+07,73710073.7100737,-2.31368194896667e-09,-2.31368194896667,-1.82878666666667e-09,-1.82878666666667,4.848952823e-10,0.4848952823,-5.68472223333333e-09,-5.68472223333333,-4.49333333333333e-09,-4.49333333333333,1.1913889e-09,1.1913889
"48","21-Jan",-0.05,0.3641,-0.152441667,-0.0575,0.094941667,8,6,"21-Jan",94,0.306,"CCMP2464",26,4,NA,"Yes",20,22,28,3,1,"",7,70000,10500000,34313725.4901961,-4.442585724e-09,-4.442585724,-1.67571428571429e-09,-1.67571428571429,2.76687143828571e-09,2.76687143828571,-1.4518254e-08,-14.518254,-5.47619047619048e-09,-5.47619047619048,9.04206352380952e-09,9.04206352380952
"72","21-Jan",-0.1016,0.3732,-0.204041667,-0.0484,0.155641667,31,26,"21-Jan",100,0.556,"FLCass",26,4,NA,"Yes",4,14,16,2,1,"",28.5,285000,42750000,76888489.2086331,-2.65373489712281e-09,-2.65373489712281,-6.29483040935673e-10,-0.629483040935673,2.02425185618713e-09,2.02425185618713,-4.77290449122807e-09,-4.77290449122807,-1.13216374269006e-09,-1.13216374269006,3.64074074853801e-09,3.64074074853801
"85","21-Jan",-0.0017,0.4385,-0.166783333,0.154641667,0.321425,14,6,"21-Jan",101,0.364,"KB8",26,3,NA,"Yes",5,12,17,3,1,"",10,1e+05,1.5e+07,41208791.2087912,-4.04727554746667e-09,-4.04727554746667,3.75263778586667e-09,3.75263778586667,7.79991333333333e-09,7.79991333333333,-1.11188888666667e-08,-11.1188888666667,1.03094444666667e-08,10.3094444666667,2.14283333333333e-08,21.4283333333333
"109","21-Jan",-0.1173,0.2402,-0.282383333,-0.043658333,0.238725,27,52,"21-Jan",107,0.643,"RT362",26,3,NA,"Yes",27,NA,NA,4,0,"",39.5,395000,59250000,92146189.7356143,-3.0645144830211e-09,-3.0645144830211,-4.7379422985654e-10,-0.47379422985654,2.59072025316456e-09,2.59072025316456,-4.76596342616034e-09,-4.76596342616034,-7.36849502109705e-10,-0.736849502109705,4.02911392405063e-09,4.02911392405063
"88","21-Jan",0.0371,0.3324,-0.127983333,0.048541667,0.176525,12,8,"21-Jan",102,0.468,"KB8",26,3,NA,"Yes",5,12,14,1,1,"",10,1e+05,1.5e+07,32051282.051282,-3.9930799896e-09,-3.9930799896,1.5145000104e-09,1.5145000104,5.50758e-09,5.50758,-8.5322222e-09,-8.5322222,3.23611113333333e-09,3.23611113333333,1.17683333333333e-08,11.7683333333333
"110","21-Jan",0.1106,0.3209,-0.054483333,0.037041667,0.091525,9,19,"21-Jan",108,0.629,"RT362",26,3,NA,"Yes",25,NA,NA,4,0,"",14,140000,2.1e+07,33386327.5039746,-1.63190554557143e-09,-1.63190554557143,1.10948612109524e-09,1.10948612109524,2.74139166666667e-09,2.74139166666667,-2.59444442857143e-09,-2.59444442857143,1.7638889047619e-09,1.7638889047619,4.35833333333333e-09,4.35833333333333
"90","21-Jan",0.145,0.2011,-0.020083333,-0.082758333,-0.062675,15,12,"21-Jan",103,0.398,"KB8",26,3,NA,"Yes",5,11,14,1,1,"",13.5,135000,20250000,50879396.9849246,-3.94724273283951e-10,-0.394724273283951,-1.62655884118519e-09,-1.62655884118519,-1.23183456790123e-09,-1.23183456790123,-9.91769530864198e-10,-0.991769530864198,-4.08683125925926e-09,-4.08683125925926,-3.09506172839506e-09,-3.09506172839506
"114","21-Jan",-0.0869,0.2044,-0.251983333,-0.079458333,0.172525,4,7,"21-Jan",109,0.304,"RT362",26,3,NA,"Yes",17,19,25,0,1,"",5.5,55000,8250000,27138157.8947368,-9.28520402812121e-09,-9.28520402812121,-2.92791917963636e-09,-2.92791917963636,6.35728484848485e-09,6.35728484848485,-3.05434343030303e-08,-30.5434343030303,-9.63131309090909e-09,-9.63131309090909,2.09121212121212e-08,20.9121212121212
"92","21-Jan",0.0946,0.4066,-0.070483333,0.122741667,0.193225,10,15,"21-Jan",104,0.463,"KB8",26,4,NA,"Yes",5,12,14,4,1,"",12.5,125000,18750000,40496760.2591793,-1.74046843621333e-09,-1.74046843621333,3.03090089712e-09,3.03090089712,4.77136933333333e-09,4.77136933333333,-3.75911109333333e-09,-3.75911109333333,6.54622224e-09,6.54622224,1.03053333333333e-08,10.3053333333333
"118","21-Jan",-0.0256,0.1424,-0.190683333,-0.141458333,0.049225,16,28,"21-Jan",110,0.697,"RT362",26,4,NA,"Yes",21,NA,NA,3,0,"",22,220000,3.3e+07,47345767.5753228,-4.02746312427273e-09,-4.02746312427273,-2.98777145760606e-09,-2.98777145760606,1.03969166666667e-09,1.03969166666667,-5.77828281818182e-09,-5.77828281818182,-4.28661615151515e-09,-4.28661615151515,1.49166666666667e-09,1.49166666666667
"93","21-Jan",0.1566,0.2356,-0.008483333,-0.048258333,-0.039775,8,2,"21-Jan",105,0.225,"KB8",26,4,NA,"Yes",5,11,16,3,1,"",5,50000,7500000,33333333.3333333,-2.5449999e-10,-0.25449999,-1.44774999e-09,-1.44774999,-1.19325e-09,-1.19325,-1.13111106666667e-09,-1.13111106666667,-6.4344444e-09,-6.4344444,-5.30333333333333e-09,-5.30333333333333
"119","21-Jan",-0.0106,0.3338,-0.175683333,0.049941667,0.225625,7,10,"21-Jan",111,0.358,"RT362",26,4,NA,"Yes",11,15,17,1,1,"",8.5,85000,12750000,35614525.1396648,-4.93291240894118e-09,-4.93291240894118,1.4022836694902e-09,1.4022836694902,6.33519607843137e-09,6.33519607843137,-1.37790849411765e-08,-13.7790849411765,3.91699349019608e-09,3.91699349019608,1.76960784313725e-08,17.6960784313725
"95","21-Jan",0.1251,0.1437,-0.039983333,-0.140158333,-0.100175,4,8,"21-Jan",106,0.251,"KB8",26,4,NA,"Yes",5,12,14,2,1,"",6,60000,9e+06,35856573.7051793,-1.11509073144444e-09,-1.11509073144444,-3.90886017588889e-09,-3.90886017588889,-2.79376944444444e-09,-2.79376944444444,-4.44259255555556e-09,-4.44259255555556,-1.55731481111111e-08,-15.5731481111111,-1.11305555555556e-08,-11.1305555555556
"120","21-Jan",-0.2073,0.1534,-0.372383333,-0.130458333,0.241925,27,40,"21-Jan",112,0.675,"RT362",26,4,NA,"Yes",17,NA,NA,5,0,"",33.5,335000,50250000,74444444.4444444,-5.00216417462687e-09,-5.00216417462687,-1.75242536865672e-09,-1.75242536865672,3.24973880597015e-09,3.24973880597015,-7.4106135920398e-09,-7.4106135920398,-2.59618573134328e-09,-2.59618573134328,4.81442786069652e-09,4.81442786069652
"c38","21-Jan",0.2324,0.3889,-0.019316667,0.076375,0.095691667,4,9,"21-Jan",40,0.804,"Aposymbiotic",30,3,NA,"Yes",NA,NA,NA,2,0,"",6.5,65000,9750000,12126865.6716418,-1.59288207876923e-09,-1.59288207876923,6.298e-09,6.298,7.89088207876923e-09,7.89088207876923,-1.98119661538462e-09,-1.98119661538462,7.83333333333333e-09,7.83333333333333,9.81452994871795e-09,9.81452994871795
"134","21-Jan",0.2136,0.4281,-0.038116667,0.115575,0.153691667,6,10,"21-Jan",46,0.176,"CCMP2458",30,3,NA,"Yes",14,20,22,0,1,"",8,80000,1.2e+07,68181818.1818182,-5.59044449333333e-10,-0.559044449333333,1.6951e-09,1.6951,2.25414444933333e-09,2.25414444933333,-3.17638891666667e-09,-3.17638891666667,9.63125e-09,9.63125,1.28076389166667e-08,12.8076389166667
"c39","21-Jan",0.258,0.337,0.006283333,0.024475,0.018191667,23,53,"21-Jan",41,0.493,"Aposymbiotic",30,3,NA,"Yes",NA,NA,NA,5,0,"",38,380000,5.7e+07,115618661.257606,5.4345318754386e-11,0.054345318754386,2.11687280701754e-10,0.211687280701754,1.57341961947368e-10,0.157341961947368,1.10233912280702e-10,0.110233912280702,4.29385964912281e-10,0.429385964912281,3.19152052631579e-10,0.319152052631579
"135","21-Jan",0.2706,0.3262,0.018883333,0.013675,-0.005208333,16,14,"21-Jan",47,0.325,"CCMP2458",30,3,NA,"Yes",11,12,15,2,1,"",15,150000,22500000,69230769.2307692,2.72759254444444e-10,0.272759254444444,1.97527777777778e-10,0.197527777777778,-7.52314766666667e-11,-0.0752314766666667,8.39259244444444e-10,0.839259244444444,6.07777777777778e-10,0.607777777777778,-2.31481466666667e-10,-0.231481466666667
"c41","21-Jan",0.2124,0.0421,-0.039316667,-0.270425,-0.231108333,7,13,"21-Jan",42,0.849,"Aposymbiotic",30,3,NA,"Yes",NA,NA,NA,5,0,"",10,1e+05,1.5e+07,17667844.5229682,-2.2253233522e-09,-2.2253233522,-1.5306055e-08,-15.306055,-1.30807316478e-08,-13.0807316478,-2.62111113333333e-09,-2.62111113333333,-1.80283333333333e-08,-18.0283333333333,-1.54072222e-08,-15.4072222
"138","21-Jan",-0.1202,0.4586,-0.371916667,0.146075,0.517991667,20,19,"21-Jan",48,0.386,"CCMP2458",30,3,NA,"Yes",7,12,16,1,1,"",19.5,195000,29250000,75777202.0725389,-4.90802849442735e-09,-4.90802849442735,1.9276905982906e-09,1.9276905982906,6.83571909271795e-09,6.83571909271795,-1.27150997264957e-08,-12.7150997264957,4.99401709401709e-09,4.99401709401709,1.77091168205128e-08,17.7091168205128
"c43","21-Jan",0.0806,0.2106,-0.171116667,-0.101925,0.069191667,50,47,"21-Jan",43,0.786,"Aposymbiotic",30,4,NA,"Yes",NA,NA,NA,7,0,"",48.5,485000,72750000,92557251.9083969,-1.84876563934021e-09,-1.84876563934021,-1.10121030927835e-09,-1.10121030927835,7.47555330061856e-10,0.747555330061856,-2.35211913402062e-09,-2.35211913402062,-1.40103092783505e-09,-1.40103092783505,9.51088206185567e-10,0.951088206185567
"139","21-Jan",0.3861,0.3213,0.134383333,0.008775,-0.125608333,44,39,"21-Jan",49,0.783,"CCMP2458",30,4,NA,"Yes",NA,NA,NA,1,0,"",41.5,415000,62250000,79501915.7088123,1.69031565845783e-09,1.69031565845783,1.10374698795181e-10,0.110374698795181,-1.57994095966265e-09,-1.57994095966265,2.15876840160643e-09,2.15876840160643,1.40963855421687e-10,0.140963855421687,-2.01780454618474e-09,-2.01780454618474
"c44","21-Jan",0.2945,0.2648,0.042783333,-0.047725,-0.090508333,23,21,"21-Jan",44,0.524,"Aposymbiotic",30,4,NA,"Yes",NA,NA,NA,1,0,"",22,220000,3.3e+07,62977099.2366412,6.79347469454545e-10,0.679347469454545,-7.57815151515151e-10,-0.757815151515151,-1.4371626209697e-09,-1.4371626209697,1.29646463636364e-09,1.29646463636364,-1.44621212121212e-09,-1.44621212121212,-2.74267675757576e-09,-2.74267675757576
"142","21-Jan",0.1273,0.1285,-0.124416667,-0.184025,-0.059608333,48,44,"21-Jan",50,0.577,"CCMP2458",30,4,NA,"Yes",14,NA,NA,0,0,"",46,460000,6.9e+07,119584055.459272,-1.04041183853623e-09,-1.04041183853623,-1.53887572463768e-09,-1.53887572463768,-4.98463886101449e-10,-0.498463886101449,-1.80314010144928e-09,-1.80314010144928,-2.66702898550725e-09,-2.66702898550725,-8.63888884057971e-10,-0.863888884057971
"c46","21-Jan",0.1773,0.1561,-0.074416667,-0.156425,-0.082008333,19,20,"21-Jan",45,0.728,"Aposymbiotic",30,4,NA,"Yes",NA,NA,NA,4,0,"",19.5,195000,29250000,40178571.4285714,-1.85214815644444e-09,-1.85214815644444,-3.89324444444444e-09,-3.89324444444444,-2.041096288e-09,-2.041096288,-2.54415955555556e-09,-2.54415955555556,-5.34786324786325e-09,-5.34786324786325,-2.80370369230769e-09,-2.80370369230769
"143","21-Jan",0.1392,0.3856,-0.112516667,0.073075,0.185591667,34,21,"21-Jan",51,0.524,"CCMP2458",30,4,NA,"Yes",22,NA,NA,3,0,"",27.5,275000,41250000,78721374.0458015,-1.42930263049697e-09,-1.42930263049697,9.28273939393939e-10,0.928273939393939,2.35757656989091e-09,2.35757656989091,-2.72767677575758e-09,-2.72767677575758,1.77151515151515e-09,1.77151515151515,4.49919192727273e-09,4.49919192727273
"157","21-Jan",0.2647,0.3546,-0.0155,0.05195,0.06745,5,4,"21-Jan",52,0.222,"CCMP2464",30,3,NA,"Yes",11,12,15,3,1,"",4.5,45000,6750000,30405405.4054054,-5.09777777777778e-10,-0.509777777777778,1.70857777777778e-09,1.70857777777778,2.21835555555556e-09,2.21835555555556,-2.2962962962963e-09,-2.2962962962963,7.6962962962963e-09,7.6962962962963,9.99259259259259e-09,9.99259259259259
"181","21-Jan",-0.0475,0.3793,-0.3277,0.07665,0.40435,23,29,"21-Jan",58,0.461,"FLCass",30,3,NA,"Yes",4,8,12,1,1,"",26,260000,3.9e+07,84598698.4815618,-3.87358205128205e-09,-3.87358205128205,9.06042307692308e-10,0.906042307692308,4.77962435897436e-09,4.77962435897436,-8.4025641025641e-09,-8.4025641025641,1.96538461538462e-09,1.96538461538462,1.03679487179487e-08,10.3679487179487
"159","21-Jan",0.3057,0.2972,0.0255,-0.00545,-0.03095,4,7,"21-Jan",53,0.148,"CCMP2464",30,3,NA,"Yes",16,16,18,1,1,"",5.5,55000,8250000,55743243.2432432,4.57454545454545e-10,0.457454545454545,-9.7769696969697e-11,-0.097769696969697,-5.55224242424242e-10,-0.555224242424242,3.09090909090909e-09,3.09090909090909,-6.60606060606061e-10,-0.660606060606061,-3.75151515151515e-09,-3.75151515151515
"184","21-Jan",0.3216,0.3773,0.0414,0.07465,0.03325,23,16,"21-Jan",59,0.331,"FLCass",30,3,NA,"Yes",4,8,11,2,1,"",19.5,195000,29250000,88368580.060423,4.68492307692308e-10,0.468492307692308,8.44757264957265e-10,0.844757264957265,3.76264957264957e-10,0.376264957264957,1.41538461538462e-09,1.41538461538462,2.55213675213675e-09,2.55213675213675,1.13675213675214e-09,1.13675213675214
"162","21-Jan",0.2451,0.2465,-0.0351,-0.05615,-0.02105,10,16,"21-Jan",54,0.361,"CCMP2464",30,3,NA,"Yes",12,12,15,0,1,"",13,130000,19500000,54016620.498615,-6.498e-10,-0.6498,-1.03949487179487e-09,-1.03949487179487,-3.89694871794872e-10,-0.389694871794872,-1.8e-09,-1.8,-2.87948717948718e-09,-2.87948717948718,-1.07948717948718e-09,-1.07948717948718
"186","21-Jan",-0.1486,0.1418,-0.4288,-0.16085,0.26795,43,51,"21-Jan",60,1.346,"FLCass",30,3,NA,"Yes",4,8,11,0,1,"",47,470000,70500000,52377414.5616642,-8.18673475177305e-09,-8.18673475177305,-3.07098014184397e-09,-3.07098014184397,5.11575460992908e-09,5.11575460992908,-6.0822695035461e-09,-6.0822695035461,-2.28156028368794e-09,-2.28156028368794,3.80070921985816e-09,3.80070921985816
"166","21-Jan",0.2317,0.2231,-0.0485,-0.07955,-0.03105,12,15,"21-Jan",55,0.784,"CCMP2464",30,4,NA,"Yes",NA,NA,NA,2,0,"",13.5,135000,20250000,25829081.6326531,-1.87772839506173e-09,-1.87772839506173,-3.07986172839506e-09,-3.07986172839506,-1.20213333333333e-09,-1.20213333333333,-2.39506172839506e-09,-2.39506172839506,-3.92839506172840e-09,-3.9283950617284,-1.53333333333333e-09,-1.53333333333333
"187","21-Jan",0.1734,0.2576,-0.1068,-0.04505,0.06175,23,24,"21-Jan",61,0.602,"FLCass",30,4,NA,"Yes",4,9,11,2,1,"",23.5,235000,35250000,58554817.2757475,-1.82393191489362e-09,-1.82393191489362,-7.69364539007092e-10,-0.769364539007092,1.05456737588652e-09,1.05456737588652,-3.02978723404255e-09,-3.02978723404255,-1.27801418439716e-09,-1.27801418439716,1.75177304964539e-09,1.75177304964539
"167","21-Jan",0.0996,0.2335,-0.1806,-0.06915,0.11145,35,23,"21-Jan",56,0.684,"CCMP2464",30,4,NA,"Yes",24,NA,NA,2,0,"",29,290000,43500000,63596491.2280702,-2.83977931034483e-09,-2.83977931034483,-1.08732413793103e-09,-1.08732413793103,1.75245517241379e-09,1.75245517241379,-4.15172413793103e-09,-4.15172413793104,-1.58965517241379e-09,-1.58965517241379,2.56206896551724e-09,2.56206896551724
"189","21-Jan",0.1131,0.4551,-0.1671,0.15245,0.31955,22,27,"21-Jan",62,0.344,"FLCass",30,4,NA,"Yes",4,9,12,0,1,"",24.5,245000,36750000,106831395.348837,-1.56414693877551e-09,-1.56414693877551,1.42701496598639e-09,1.42701496598639,2.9911619047619e-09,2.9911619047619,-4.5469387755102e-09,-4.5469387755102,4.14829931972789e-09,4.14829931972789,8.6952380952381e-09,8.6952380952381
"192","21-Jan",0.1837,0.2657,-0.0965,-0.03695,0.05955,41,61,"21-Jan",63,0.461,"FLCass",30,4,NA,"Yes",4,8,12,0,1,"",51,510000,76500000,165943600.867679,-5.81522875816994e-10,-0.581522875816994,-2.22666013071895e-10,-0.222666013071895,3.58856862745098e-10,0.358856862745098,-1.26143790849673e-09,-1.26143790849673,-4.83006535947712e-10,-0.483006535947712,7.7843137254902e-10,0.77843137254902
"206","21-Jan",0.5197,0.5416,0.010875,0.008233333,-0.002641667,19,26,"21-Jan",64,0.387,"KB8",30,3,NA,"Yes",4,11,13,1,1,"",22.5,225000,33750000,87209302.3255814,1.247e-10,0.1247,9.44088850666667e-11,0.0944088850666667,-3.02911149333333e-11,-0.0302911149333333,3.22222222222222e-10,0.322222222222222,2.43950607407407e-10,0.243950607407407,-7.82716148148148e-11,-0.0782716148148148
"229","21-Jan",0.4028,0.2096,-0.106025,-0.323766667,-0.217741667,31,16,"21-Jan",70,0.436,"RT362",30,3,NA,"Yes",25,NA,NA,1,0,"",23.5,235000,35250000,80848623.853211,-1.31140141843972e-09,-1.31140141843972,-4.0046033138156e-09,-4.0046033138156,-2.69320189537589e-09,-2.69320189537589,-3.00780141843972e-09,-3.00780141843972,-9.1848699858156e-09,-9.1848699858156,-6.17706856737589e-09,-6.17706856737589
"208","21-Jan",0.6274,0.5187,0.118575,-0.014666667,-0.133241667,13,11,"21-Jan",65,0.318,"KB8",30,3,NA,"Yes",4,8,11,1,1,"",12,120000,1.8e+07,56603773.5849057,2.094825e-09,2.094825,-2.59111117e-10,-0.259111117,-2.353936117e-09,-2.353936117,6.5875e-09,6.5875,-8.14814833333333e-10,-0.814814833333333,-7.40231483333333e-09,-7.40231483333333
"230","21-Jan",0.8091,0.5088,0.300275,-0.024566667,-0.324841667,27,46,"21-Jan",71,0.791,"RT362",30,3,NA,"Yes",NA,NA,NA,1,0,"",36.5,365000,54750000,69216182.0480404,4.3382196347032e-09,4.3382196347032,-3.54926641041096e-10,-0.354926641041096,-4.69314627574429e-09,-4.69314627574429,5.48447488584475e-09,5.48447488584475,-4.48706246575342e-10,-0.448706246575342,-5.93318113242009e-09,-5.93318113242009
"207","21-Jan",0.6089,0.5787,0.100075,0.045333333,-0.054741667,7,11,"21-Jan",66,0.182,"KB8",30,3,NA,"Yes",4,8,11,1,2,"",9,90000,13500000,74175824.1758242,1.34915925925926e-09,1.34915925925926,6.11160489333333e-10,0.611160489333333,-7.37998769925926e-10,-0.737998769925926,7.41296296296296e-09,7.41296296296296,3.35802466666667e-09,3.35802466666667,-4.0549382962963e-09,-4.0549382962963
"232","21-Jan",0.5996,0.5041,0.090775,-0.029266667,-0.120041667,6,2,"21-Jan",72,0.261,"RT362",30,3,NA,"Yes",15,17,19,3,1,"",4,40000,6e+06,22988505.7471264,3.9487125e-09,3.9487125,-1.2731000145e-09,-1.2731000145,-5.2218125145e-09,-5.2218125145,1.51291666666667e-08,15.1291666666667,-4.87777783333333e-09,-4.87777783333333,-2.00069445e-08,-20.0069445
"212","21-Jan",0.4879,0.4795,-0.020925,-0.053866667,-0.032941667,14,8,"21-Jan",67,0.424,"KB8",30,4,NA,"Yes",8,15,17,1,1,"",11,110000,16500000,38915094.3396226,-5.37709090909091e-10,-0.537709090909091,-1.38421010957576e-09,-1.38421010957576,-8.46501018666667e-10,-0.846501018666667,-1.26818181818182e-09,-1.26818181818182,-3.26464648484848e-09,-3.26464648484848,-1.99646466666667e-09,-1.99646466666667
"235","21-Jan",0.5691,0.5513,0.060275,0.017933333,-0.042341667,39,51,"21-Jan",73,0.678,"RT362",30,4,NA,"Yes",23,NA,NA,0,0,"",45,450000,67500000,99557522.1238938,6.05428888888889e-10,0.605428888888889,1.80130367022222e-10,0.180130367022222,-4.25298521866667e-10,-0.425298521866667,8.92962962962963e-10,0.892962962962963,2.65679007407407e-10,0.265679007407407,-6.27283955555556e-10,-0.627283955555556
"214","21-Jan",0.6039,0.5352,0.095075,0.001833333,-0.093241667,18,35,"21-Jan",68,1.132,"KB8",30,4,NA,"Yes",5,9,12,2,1,"",26.5,265000,39750000,35114840.9893993,2.70754465408805e-09,2.70754465408805,5.22096341132075e-11,0.0522096341132075,-2.65533501997484e-09,-2.65533501997484,2.39182389937107e-09,2.39182389937107,4.61215849056604e-11,0.0461215849056604,-2.34570231446541e-09,-2.34570231446541
"236","21-Jan",0.7248,0.5525,0.215975,0.019133333,-0.196841667,31,42,"21-Jan",75,0.618,"RT362",30,4,NA,"Yes",25,NA,NA,2,0,"",36.5,365000,54750000,88592233.0097087,2.43785479452055e-09,2.43785479452055,2.15970772493151e-10,0.215970772493151,-2.2218840220274e-09,-2.2218840220274,3.94474885844749e-09,3.94474885844749,3.49467269406393e-10,0.349467269406393,-3.5952815890411e-09,-3.5952815890411
"216","21-Jan",0.381,0.6841,-0.127825,0.150733333,0.278558333,6,5,"21-Jan",69,0.161,"KB8",30,4,NA,"Yes",8,19,21,1,1,"",5.5,55000,8250000,51242236.0248447,-2.49452424242424e-09,-2.49452424242424,2.94158383187879e-09,2.94158383187879,5.43610807430303e-09,5.43610807430303,-1.54939393939394e-08,-15.4939393939394,1.8270707030303e-08,18.270707030303,3.37646464242424e-08,33.7646464242424
"237","21-Jan",0.0976,0.549,-0.411225,0.015633333,0.426858333,11,8,"21-Jan",76,0.297,"RT362",30,4,NA,"Yes",15,15,20,1,1,"",9.5,95000,14250000,47979797.979798,-8.5707947368421e-09,-8.5707947368421,3.25831572e-10,0.325831572,8.8966263088421e-09,8.89662630884211,-2.88578947368421e-08,-28.8578947368421,1.097076e-09,1.097076,2.99549707368421e-08,29.9549707368421
"c49","21-Jan",0.3324,0.5944,-0.049466667,0.016508333,0.065975,24,34,"21-Jan",1,1,"Aposymbiotic",32,1,NA,"Yes",NA,NA,NA,1,0,"",29,290000,43500000,43500000,-1.13716475862069e-09,-1.13716475862069,3.79501908045977e-10,0.379501908045977,1.51666666666667e-09,1.51666666666667,-1.13716475862069e-09,-1.13716475862069,3.79501908045977e-10,0.379501908045977,1.51666666666667e-09,1.51666666666667
"242","21-Jan",0.3172,0.5745,-0.064666667,-0.003391667,0.061275,0.889,0.667,"21-Jan",7,0.225,"CCMP2458",32,1,NA,"Yes",22,22,24,2,1,"",0.778,7780,1167000,5186666.66666667,-1.24678663881748e-08,-12.4678663881748,-6.53920372750643e-10,-0.653920372750643,1.18139460154242e-08,11.8139460154242,-5.54127395029991e-08,-55.4127395029991,-2.90631276778063e-09,-2.90631276778063,5.25064267352185e-08,52.5064267352185
"c52","21-Jan",0.3441,0.5599,-0.037766667,-0.017991667,0.019775,5,6,"21-Jan",2,0.555,"Aposymbiotic",32,1,NA,"Yes",NA,NA,NA,3,0,"",5.5,55000,8250000,14864864.8648649,-2.54066668909091e-09,-2.54066668909091,-1.21034850727273e-09,-1.21034850727273,1.33031818181818e-09,1.33031818181818,-4.57777781818182e-09,-4.57777781818182,-2.18080812121212e-09,-2.18080812121212,2.3969696969697e-09,2.3969696969697
"244","21-Jan",0.3812,0.5826,-0.000666667,0.004708333,0.005375,18,24,"21-Jan",8,0.485,"CCMP2458",32,1,NA,"Yes",6,10,11,1,1,"",21,210000,31500000,64948453.6082474,-1.02645553968254e-11,-0.0102645553968254,7.24933811111111e-11,0.0724933811111111,8.27579365079365e-11,0.0827579365079365,-2.11640317460317e-11,-0.0211640317460317,1.49470888888889e-10,0.149470888888889,1.70634920634921e-10,0.170634920634921
"c53","21-Jan",0.3812,0.4418,-0.000666667,-0.136091667,-0.135425,17,32,"21-Jan",3,0.659,"Aposymbiotic",32,1,NA,"Yes",NA,NA,NA,3,0,"",24.5,245000,36750000,55766312.5948407,-1.19546545034014e-11,-0.0119546545034014,-2.44039206946939e-09,-2.44039206946939,-2.42843741496599e-09,-2.42843741496599,-1.81405986394558e-11,-0.0181405986394558,-3.7031746122449e-09,-3.7031746122449,-3.68503401360544e-09,-3.68503401360544
"245","21-Jan",0.3739,0.5298,-0.007966667,-0.048091667,-0.040125,10,13,"21-Jan",10,0.495,"CCMP2458",32,1,NA,"Yes",11,12,14,2,1,"",11.5,115000,17250000,34848484.8484849,-2.28608705217391e-10,-0.228608705217391,-1.38002174869565e-09,-1.38002174869565,-1.15141304347826e-09,-1.15141304347826,-4.61835768115942e-10,-0.461835768115942,-2.78792272463768e-09,-2.78792272463768,-2.32608695652174e-09,-2.32608695652174
"c55","21-Jan",0.3828,0.4944,0.000933333,-0.083491667,-0.084425,17,35,"21-Jan",4,0.718,"Aposymbiotic",32,2,NA,"Yes",NA,NA,NA,5,0,"",26,260000,3.9e+07,54317548.7465181,1.71828998461538e-11,0.0171828998461538,-1.53710299758974e-09,-1.53710299758974,-1.5542858974359e-09,-1.5542858974359,2.39316153846154e-11,0.0239316153846154,-2.14081197435897e-09,-2.14081197435897,-2.16474358974359e-09,-2.16474358974359
"247","21-Jan",0.3945,0.5307,0.012633333,-0.047191667,-0.059825,4,7,"21-Jan",11,0.104,"CCMP2458",32,2,NA,"Yes",11,16,18,1,1,"",5.5,55000,8250000,79326923.0769231,1.59256561454545e-10,0.159256561454545,-5.9490101430303e-10,-0.59490101430303,-7.54157575757576e-10,-0.754157575757576,1.53131309090909e-09,1.53131309090909,-5.72020206060606e-09,-5.72020206060606,-7.25151515151515e-09,-7.25151515151515
"c56","21-Jan",0.2503,0.5583,-0.131566667,-0.019591667,0.111975,47,49,"21-Jan",5,0.54,"Aposymbiotic",32,2,NA,"Yes",NA,NA,NA,1,0,"",48,480000,7.2e+07,133333333.333333,-9.867500025e-10,-0.9867500025,-1.469375025e-10,-0.1469375025,8.398125e-10,0.8398125,-1.82731481944444e-09,-1.82731481944444,-2.72106486111111e-10,-0.272106486111111,1.55520833333333e-09,1.55520833333333
"248","21-Jan",0.3801,0.4987,-0.001766667,-0.079191667,-0.077425,14,11,"21-Jan",12,0.309,"CCMP2458",32,2,NA,"Yes",12,14,15,0,1,"",12.5,125000,18750000,60679611.6504854,-2.911467216e-11,-0.02911467216,-1.30507867216e-09,-1.30507867216,-1.275964e-09,-1.275964,-9.422224e-11,-0.09422224,-4.22355557333333e-09,-4.22355557333333,-4.12933333333333e-09,-4.12933333333333
"c58","21-Jan",0.2899,0.5461,-0.091966667,-0.031791667,0.060175,19,19,"21-Jan",6,0.396,"Aposymbiotic",32,2,NA,"Yes",NA,NA,NA,5,0,"",19,190000,28500000,71969696.969697,-1.27785263621053e-09,-1.27785263621053,-4.41736846736842e-10,-0.441736846736842,8.36115789473684e-10,0.836115789473684,-3.22690059649123e-09,-3.22690059649123,-1.1154970877193e-09,-1.1154970877193,2.11140350877193e-09,2.11140350877193
"250","21-Jan",0.1644,0.5833,-0.217466667,0.005408333,0.222875,25,17,"21-Jan",13,0.411,"CCMP2458",32,2,NA,"Yes",10,12,13,1,1,"",21,210000,31500000,76642335.7664234,-2.83742222657143e-09,-2.83742222657143,7.05658686666667e-11,0.0705658686666667,2.90798809523810e-09,2.9079880952381,-6.90370371428571e-09,-6.90370371428571,1.71693111111111e-10,0.171693111111111,7.07539682539683e-09,7.07539682539683
"265","21-Jan",0.3996,0.6309,-0.051283333,0.008741667,0.060025,1,0.22,"21-Jan",14,0.172,"CCMP2464",32,1,NA,"Yes",16,18,19,3,1,"",0.61,6100,915000,5319767.44186047,-9.6401456568306e-09,-9.6401456568306,1.64324232131148e-09,1.64324232131148,1.12833879781421e-08,11.2833879781421,-5.60473584699454e-08,-56.0473584699454,9.55373442622951e-09,9.55373442622951,6.56010928961749e-08,65.6010928961749
"291","21-Jan",0.3763,0.5909,-0.074583333,-0.031258333,0.043325,37,32,"21-Jan",20,0.702,"FLCass",32,1,NA,"Yes",4,8,9,2,1,"",34.5,345000,51750000,73717948.7179487,-1.01173912591304e-09,-1.01173912591304,-4.24026082434783e-10,-0.424026082434783,5.87713043478261e-10,0.587713043478261,-1.44122382608696e-09,-1.44122382608696,-6.04025758454106e-10,-0.604025758454106,8.3719806763285e-10,0.83719806763285
"267","21-Jan",0.377,0.7162,-0.073883333,0.094041667,0.167925,39,47,"21-Jan",15,0.743,"CCMP2464",32,1,NA,"Yes",NA,NA,NA,0,0,"",43,430000,64500000,86810228.8021534,-8.5109017703876e-10,-0.85109017703876,1.08330168342636e-09,1.08330168342636,1.93439186046512e-09,1.93439186046512,-1.14547803100775e-09,-1.14547803100775,1.45801034108527e-09,1.45801034108527,2.60348837209302e-09,2.60348837209302
"270","21-Jan",0.5174,0.6002,0.066516667,-0.021958333,-0.088475,38,26,"21-Jan",16,0.764,"CCMP2464",32,1,NA,"Yes",4,4,6,1,1,"",32,320000,4.8e+07,62827225.13089,1.05872361641667e-09,1.05872361641667,-3.49503466916667e-10,-0.349503466916667,-1.40822708333333e-09,-1.40822708333333,1.38576389583333e-09,1.38576389583333,-4.57465270833333e-10,-0.457465270833333,-1.84322916666667e-09,-1.84322916666667
"294","21-Jan",0.4086,0.642,-0.042283333,0.019841667,0.062125,16,15,"21-Jan",24,0.365,"FLCass",32,1,NA,"Yes",4,8,10,2,1,"",15.5,155000,23250000,63698630.1369863,-6.63802862150538e-10,-0.663802862150538,3.11492836774194e-10,0.311492836774194,9.75295698924731e-10,0.975295698924731,-1.81863797849462e-09,-1.81863797849462,8.53405032258065e-10,0.853405032258065,2.67204301075269e-09,2.67204301075269
"273","21-Jan",0.5032,0.5696,0.052316667,-0.052558333,-0.104875,29,58,"21-Jan",17,0.456,"CCMP2464",32,2,NA,"Yes",NA,NA,NA,2,0,"",43.5,435000,65250000,143092105.263158,3.65615328e-10,0.365615328,-3.67304212229885e-10,-0.367304212229885,-7.32919540229885e-10,-0.732919540229885,8.01788e-10,0.801788,-8.0549169348659e-10,-0.80549169348659,-1.60727969348659e-09,-1.60727969348659
"297","21-Jan",0.4848,0.6804,0.033916667,0.058241667,0.024325,5,4,"21-Jan",27,0.064,"FLCass",32,2,NA,"Yes",4,8,10,1,2,"",4.5,45000,6750000,105468750,3.21580250074074e-10,0.321580250074074,5.52217287111111e-10,0.552217287111111,2.30637037037037e-10,0.230637037037037,5.02469140740741e-09,5.02469140740741,8.62839511111111e-09,8.62839511111111,3.6037037037037e-09,3.6037037037037
"274","21-Jan",0.5007,0.6117,0.049816667,-0.010458333,-0.060275,25,24,"21-Jan",18,0.4,"CCMP2464",32,2,NA,"Yes",NA,NA,NA,3,0,"",24.5,245000,36750000,91875000,5.4222222585034e-10,0.54222222585034,-1.13832195918367e-10,-0.113832195918367,-6.56054421768708e-10,-0.656054421768708,1.35555556462585e-09,1.35555556462585,-2.84580489795918e-10,-0.284580489795918,-1.64013605442177e-09,-1.64013605442177
"298","21-Jan",0.4952,0.5976,0.044316667,-0.024558333,-0.068875,8,6,"21-Jan",25,0.111,"FLCass",32,2,NA,"Yes",4,8,10,2,2,"",7,70000,10500000,94594594.5945946,4.68490479714286e-10,0.468490479714286,-2.59616663142857e-10,-0.259616663142857,-7.28107142857143e-10,-0.728107142857143,4.22063495238095e-09,4.22063495238095,-2.33888885714286e-09,-2.33888885714286,-6.55952380952381e-09,-6.55952380952381
"276","21-Jan",0.4055,0.5566,-0.045383333,-0.065558333,-0.020175,36,36,"21-Jan",19,0.678,"CCMP2464",32,2,NA,"Yes",26,NA,NA,2,0,"",36,360000,5.4e+07,79646017.699115,-5.69812958777778e-10,-0.569812958777778,-8.23121292111111e-10,-0.823121292111111,-2.53308333333333e-10,-0.253308333333333,-8.40432092592593e-10,-0.840432092592593,-1.2140432037037e-09,-1.2140432037037,-3.73611111111111e-10,-0.373611111111111
"299","21-Jan",0.4804,0.631,0.029516667,0.008841667,-0.020675,4,3,"21-Jan",26,0.169,"FLCass",32,2,NA,"Yes",4,8,10,0,2,"",3.5,35000,5250000,31065088.7573964,9.50155566285714e-10,0.950155566285714,2.84617471047619e-10,0.284617471047619,-6.65538095238095e-10,-0.665538095238095,5.62222228571429e-09,5.62222228571429,1.68412704761905e-09,1.68412704761905,-3.93809523809524e-09,-3.93809523809524
"314","21-Jan",0.5993,0.7106,0.028566667,0.10585,0.077283333,6,8,"21-Jan",28,0.425,"KB8",32,1,NA,"Yes",4,8,10,2,1,"",7,70000,10500000,24705882.3529412,1.1562698547619e-09,1.1562698547619,4.28440476190476e-09,4.28440476190476,3.12813490714286e-09,3.12813490714286,2.72063495238095e-09,2.72063495238095,1.00809523809524e-08,10.0809523809524,7.36031742857143e-09,7.36031742857143
"337","21-Jan",0.5052,0.5958,-0.065533333,-0.00895,0.056583333,13,14,"21-Jan",34,0.537,"RT362",32,1,NA,"Yes",8,10,11,0,1,"",13.5,135000,20250000,37709497.2067039,-1.73784690474074e-09,-1.73784690474074,-2.37340740740741e-10,-0.237340740740741,1.500506164e-09,1.500506164,-3.23621397530864e-09,-3.23621397530864,-4.41975308641975e-10,-0.441975308641975,2.79423866666667e-09,2.79423866666667
"316","21-Jan",0.6106,0.6136,0.039866667,0.00885,-0.031016667,18,13,"21-Jan",29,0.363,"KB8",32,1,NA,"Yes",4,8,10,3,1,"",15.5,155000,23250000,64049586.7768595,6.22434413806452e-10,0.622434413806452,1.38174193548387e-10,0.138174193548387,-4.84260220258065e-10,-0.484260220258065,1.71469535483871e-09,1.71469535483871,3.80645161290323e-10,0.380645161290323,-1.33405019354839e-09,-1.33405019354839
"338","21-Jan",0.5087,0.4574,-0.062033333,-0.14735,-0.085316667,41,49,"21-Jan",35,0.879,"RT362",32,1,NA,"Yes",25,NA,NA,0,0,"",45,450000,67500000,76791808.8737201,-8.07811847511111e-10,-0.807811847511111,-1.91882444444444e-09,-1.91882444444444,-1.11101259693333e-09,-1.11101259693333,-9.19012340740741e-10,-0.919012340740741,-2.18296296296296e-09,-2.18296296296296,-1.26395062222222e-09,-1.26395062222222
"318","21-Jan",0.3228,0.7836,-0.247933333,0.17885,0.426783333,12,21,"21-Jan",30,0.309,"KB8",32,1,NA,"Yes",4,8,10,0,1,"",16.5,165000,24750000,80097087.3786408,-3.09541009684849e-09,-3.09541009684849,2.23291515151515e-09,2.23291515151515,5.32832524836364e-09,5.32832524836364,-1.00175084040404e-08,-10.0175084040404,7.22626262626263e-09,7.22626262626263,1.7243771030303e-08,17.243771030303
"341","21-Jan",0.6184,0.6329,0.047666667,0.02815,-0.019516667,20,36,"21-Jan",36,0.714,"RT362",32,1,NA,"Yes",7,8,11,0,1,"",28,280000,4.2e+07,58823529.4117647,8.10333339e-10,0.810333339,4.7855e-10,0.47855,-3.31783339e-10,-0.331783339,1.13492064285714e-09,1.13492064285714,6.70238095238095e-10,0.670238095238095,-4.64682547619048e-10,-0.464682547619048
"319","21-Jan",0.56,0.9144,-0.010733333,0.30965,0.320383333,32,26,"21-Jan",31,0.481,"KB8",32,2,NA,"Yes",5,9,11,1,1,"",29,290000,43500000,90436590.4365904,-1.18683521218391e-10,-0.118683521218391,3.42394597701149e-09,3.42394597701149,3.54262949822989e-09,3.54262949822989,-2.46743287356322e-10,-0.246743287356322,7.1183908045977e-09,7.1183908045977,7.36513409195402e-09,7.36513409195402
"343","21-Jan",0.6186,0.5887,0.047866667,-0.01605,-0.063916667,26,37,"21-Jan",37,0.655,"RT362",32,2,NA,"Yes",21,NA,NA,0,0,"",31.5,315000,47250000,72137404.5801527,6.63548505502646e-10,0.663548505502646,-2.22492063492063e-10,-0.222492063492063,-8.86040568994709e-10,-0.886040568994709,1.01305115343915e-09,1.01305115343915,-3.3968253968254e-10,-0.33968253968254,-1.35273369312169e-09,-1.35273369312169
"322","21-Jan",0.6027,0.5907,0.031966667,-0.01405,-0.046016667,25,17,"21-Jan",32,0.421,"KB8",32,2,NA,"Yes",4,8,10,2,1,"",21,210000,31500000,74821852.7315914,4.27237041492063e-10,0.427237041492063,-1.87779365079365e-10,-0.187779365079365,-6.15016406571429e-10,-0.615016406571429,1.01481482539683e-09,1.01481482539683,-4.46031746031746e-10,-0.446031746031746,-1.46084657142857e-09,-1.46084657142857
"346","21-Jan",0.3284,0.2716,-0.242333333,-0.33315,-0.090816667,28,17,"21-Jan",38,0.434,"RT362",32,2,NA,"Yes",NA,NA,NA,1,0,"",22.5,225000,33750000,77764976.9585253,-3.11622715620741e-09,-3.11622715620741,-4.28406222222222e-09,-4.28406222222222,-1.16783506601481e-09,-1.16783506601481,-7.1802469037037e-09,-7.1802469037037,-9.87111111111111e-09,-9.87111111111111,-2.69086420740741e-09,-2.69086420740741
"323","21-Jan",0.5268,0.5453,-0.043933333,-0.05945,-0.015516667,17,16,"21-Jan",33,0.737,"KB8",32,2,NA,"Yes",4,7,10,2,1,"",16.5,165000,24750000,33582089.5522388,-1.30823702711111e-09,-1.30823702711111,-1.77028888888889e-09,-1.77028888888889,-4.62051861777778e-10,-0.462051861777778,-1.77508416161616e-09,-1.77508416161616,-2.4020202020202e-09,-2.4020202020202,-6.2693604040404e-10,-0.62693604040404
"348","21-Jan",0.3095,0.5949,-0.261233333,-0.00985,0.251383333,10,9,"21-Jan",39,0.32,"RT362",32,2,NA,"Yes",11,12,14,2,1,"",9.5,95000,14250000,44531250,-5.86629239017544e-09,-5.86629239017544,-2.2119298245614e-10,-0.22119298245614,5.6450994077193e-09,5.6450994077193,-1.83321637192982e-08,-18.3321637192982,-6.91228070175439e-10,-0.691228070175439,1.76409356491228e-08,17.6409356491228
"c61","22-Jan-20",0.2218,0.3931,-0.040833333,-0.019625,0.021208333,36,30,"22-Jan",1,0.788,"Aposymbiotic",32,3,NA,"Yes",NA,NA,NA,5,0,"",33,330000,49500000,62817258.8832487,-6.50033664727273e-10,-0.650033664727273,-3.12414141414141e-10,-0.312414141414141,3.37619523313131e-10,0.337619523313131,-8.24915818181818e-10,-0.824915818181818,-3.96464646464646e-10,-0.396464646464646,4.28451171717172e-10,0.428451171717172
"256","22-Jan-20",0.3152,0.4202,0.052566667,0.007475,-0.045091667,7,7,"22-Jan",8,0.233,"CCMP2458",32,3,NA,"Yes",11,12,14,0,1,"",7,70000,10500000,45064377.6824034,1.16647937247619e-09,1.16647937247619,1.6587380952381e-10,0.16587380952381,-1.00060556295238e-09,-1.00060556295238,5.00634923809524e-09,5.00634923809524,7.11904761904762e-10,0.711904761904762,-4.29444447619048e-09,-4.29444447619048
"c65","22-Jan-20",0.2775,0.4153,0.014866667,0.002575,-0.012291667,25,13,"22-Jan",2,0.659,"Aposymbiotic",32,3,NA,"Yes",NA,NA,NA,3,0,"",19,190000,28500000,43247344.461305,3.43759072035088e-10,0.343759072035088,5.95412280701754e-11,0.0595412280701754,-2.84217843964912e-10,-0.284217843964912,5.21637438596491e-10,0.521637438596491,9.03508771929825e-11,0.0903508771929824,-4.31286561403509e-10,-0.431286561403509
"255","22-Jan-20",0.2624,0.4531,-0.000233333,0.040375,0.040608333,7,8,"22-Jan",7,0.207,"CCMP2458",32,3,NA,"Yes",12,12,15,3,1,"",7.5,75000,11250000,54347826.0869565,-4.2933272e-12,-0.0042933272,7.429e-10,0.7429,7.471933272e-10,0.7471933272,-2.07407111111111e-11,-0.0207407111111111,3.58888888888889e-09,3.58888888888889,3.6096296e-09,3.6096296
"c66","22-Jan-20",0.3427,0.4375,0.080066667,0.024775,-0.055291667,17,20,"22-Jan",3,0.749,"Aposymbiotic",32,3,NA,"Yes",NA,NA,NA,3,0,"",18.5,185000,27750000,37049399.1989319,2.16107868767568e-09,2.16107868767568,6.68701801801802e-10,0.668701801801802,-1.49237688587387e-09,-1.49237688587387,2.8852852972973e-09,2.8852852972973,8.92792792792793e-10,0.892792792792793,-1.9924925045045e-09,-1.9924925045045
"257","22-Jan-20",0.3397,0.4502,0.077066667,0.037475,-0.039591667,11,13,"22-Jan",9,0.261,"CCMP2458",32,3,NA,"Yes",14,14,15,1,1,"",12,120000,1.8e+07,68965517.2413793,1.1174666715e-09,1.1174666715,5.433875e-10,0.5433875,-5.740791715e-10,-0.5740791715,4.2814815e-09,4.2814815,2.08194444444444e-09,2.08194444444444,-2.19953705555556e-09,-2.19953705555556
"c67","22-Jan-20",0.5389,0.4366,0.276266667,0.023875,-0.252391667,14,20,"22-Jan",4,0.522,"Aposymbiotic",32,4,NA,"Yes",NA,NA,NA,3,0,"",17,170000,25500000,48850574.7126437,5.65534118329412e-09,5.65534118329412,4.88735294117647e-10,0.488735294117647,-5.16660588917647e-09,-5.16660588917647,1.08339869411765e-08,10.8339869411765,9.36274509803922e-10,0.936274509803922,-9.89771243137255e-09,-9.89771243137255
"260","22-Jan-20",0.2586,0.4643,-0.004033333,0.051575,0.055608333,2.44,2,"22-Jan",10,0.394,"CCMP2458",32,4,NA,"Yes",14,14,16,1,1,"",2.22,22200,3330000,8451776.64974619,-4.77217177777778e-10,-0.477217177777778,6.10226726726727e-09,6.10226726726727,6.57948444504505e-09,6.57948444504505,-1.21121111111111e-09,-1.21121111111111,1.5487987987988e-08,15.487987987988,1.66991990990991e-08,16.6991990990991
"c69","22-Jan-20",0.2595,0.2856,-0.003133333,-0.127125,-0.123991667,10,9,"22-Jan",5,0.617,"Aposymbiotic",32,4,NA,"Yes",NA,NA,NA,4,0,"",9.5,95000,14250000,23095623.987034,-1.35667821824561e-10,-0.135667821824561,-5.50428947368421e-09,-5.50428947368421,-5.36862165185965e-09,-5.36862165185965,-2.1988301754386e-10,-0.21988301754386,-8.92105263157895e-09,-8.92105263157895,-8.70116961403509e-09,-8.70116961403509
"263","22-Jan-20",0.3202,0.4421,0.057566667,0.029375,-0.028191667,17,21,"22-Jan",11,0.424,"CCMP2458",32,4,NA,"Yes",11,12,14,2,1,"",19,190000,28500000,67216981.1320755,8.56430414315789e-10,0.856430414315789,4.37017543859649e-10,0.437017543859649,-4.1941287045614e-10,-0.41941287045614,2.01988305263158e-09,2.01988305263158,1.03070175438596e-09,1.03070175438596,-9.89181298245614e-10,-0.989181298245614
"c72","22-Jan-20",0.2388,0.368,-0.023833333,-0.044725,-0.020891667,14,8,"22-Jan",6,0.477,"Aposymbiotic",32,4,NA,"Yes",NA,NA,NA,3,0,"",11,110000,16500000,34591194.9685535,-6.88999990363636e-10,-0.688999990363636,-1.29295909090909e-09,-1.29295909090909,-6.03959100545454e-10,-0.603959100545454,-1.44444442424242e-09,-1.44444442424242,-2.71060606060606e-09,-2.71060606060606,-1.26616163636364e-09,-1.26616163636364
"264","22-Jan-20",0.2152,0.4071,-0.047433333,-0.005625,0.041808333,2.556,2.778,"22-Jan",12,0.289,"CCMP2458",32,4,NA,"Yes",14,14,16,3,1,"",2.667,26670,4000500,13842560.5536332,-3.42662998050244e-09,-3.42662998050244,-4.06355455568054e-10,-0.406355455568054,3.02027452493438e-09,3.02027452493438,-1.18568511436071e-08,-11.8568511436071,-1.40607424071991e-09,-1.40607424071991,1.04507769028871e-08,10.4507769028871
"279","22-Jan-20",0.3365,0.3805,-0.046491667,0.028883333,0.075375,36,50,"22-Jan",13,0.681,"CCMP2464",32,3,NA,"Yes",22,NA,NA,0,0,"",43,430000,64500000,94713656.3876652,-4.90865507395349e-10,-0.490865507395349,3.04954260046512e-10,0.304954260046512,7.9581976744186e-10,0.79581976744186,-7.2080103875969e-10,-0.72080103875969,4.47803612403101e-10,0.447803612403101,1.16860465116279e-09,1.16860465116279
"308","22-Jan-20",0.3414,0.4691,-0.041591667,0.117483333,0.159075,20,20,"22-Jan",22,0.142,"FLCass",32,4,NA,"Yes",4,8,12,2,2,"",20,2e+05,3e+07,211267605.633803,-1.968672238e-10,-0.1968672238,5.560877762e-10,0.5560877762,7.52955e-10,0.752955,-1.3863889e-09,-1.3863889,3.9161111e-09,3.9161111,5.3025e-09,5.3025
"281","22-Jan-20",0.3096,0.3315,-0.073391667,-0.020116667,0.053275,30,55,"22-Jan",14,0.665,"CCMP2464",32,3,NA,"Yes",NA,NA,NA,2,0,"",42.5,425000,63750000,95864661.6541353,-7.65575820470588e-10,-0.765575820470588,-2.09844447921569e-10,-0.209844447921569,5.5573137254902e-10,0.55573137254902,-1.15124183529412e-09,-1.15124183529412,-3.15555560784314e-10,-0.315555560784314,8.35686274509804e-10,0.835686274509804
"310","22-Jan-20",0.4233,0.4183,0.040308333,0.066683333,0.026375,27,36,"22-Jan",24,0.347,"FLCass",32,4,NA,"Yes",4,7,10,1,1,"",31.5,315000,47250000,136167146.974063,2.96020985206349e-10,0.296020985206349,4.89716752402116e-10,0.489716752402116,1.93695767195767e-10,0.193695767195767,8.53086412698413e-10,0.853086412698413,1.41128747089947e-09,1.41128747089947,5.58201058201058e-10,0.558201058201058
"282","22-Jan-20",0.366,0.2668,-0.016991667,-0.084816667,-0.067825,24,33,"22-Jan",15,0.437,"CCMP2464",32,3,NA,"Yes",20,NA,NA,1,0,"",28.5,285000,42750000,97826086.9565217,-1.73692596e-10,-0.173692596,-8.67014818222222e-10,-0.867014818222222,-6.93322222222222e-10,-0.693322222222222,-3.97465894736842e-10,-0.397465894736842,-1.98401560233918e-09,-1.98401560233918,-1.58654970760234e-09,-1.58654970760234
"312","22-Jan-20",0.35,0.3812,-0.032991667,0.029583333,0.062575,40,59,"22-Jan",25,0.306,"FLCass",32,4,NA,"Yes",4,8,10,1,1,"",49.5,495000,74250000,242647058.823529,-1.35965657939394e-10,-0.135965657939394,1.21919190545455e-10,0.121919190545455,2.57884848484849e-10,0.257884848484848,-4.44332215488216e-10,-0.444332215488216,3.98428727272727e-10,0.398428727272727,8.42760942760943e-10,0.842760942760943
"286","22-Jan-20",0.4446,0.3835,0.061608333,0.031883333,-0.029725,4.222,2.889,"22-Jan",16,0.174,"CCMP2464",32,4,NA,"Yes",12,16,18,1,1,"",3.5555,35555,5333250,30650862.0689655,2.0100032704261e-09,2.0100032704261,1.04020999240613e-09,1.04020999240613,-9.69793278019969e-10,-0.969793278019969,1.15517429334833e-08,11.5517429334833,5.97821834716167e-09,5.97821834716167,-5.57352458632166e-09,-5.57352458632166
"302","22-Jan-20",0.1789,0.3034,-0.204091667,-0.048216667,0.155875,117,175,"22-Jan",19,0.6,"FLCass",32,3,NA,"Yes",4,8,10,0,1,"",146,1460000,2.19e+08,3.65e+08,-5.59155252054794e-10,-0.559155252054795,-1.32100457534247e-10,-0.132100457534247,4.27054794520548e-10,0.427054794520548,-9.31925420091324e-10,-0.931925420091324,-2.20167429223744e-10,-0.220167429223744,7.1175799086758e-10,0.71175799086758
"287","22-Jan-20",0.3215,0.4436,-0.061491667,0.091983333,0.153475,49,53,"22-Jan",17,0.541,"CCMP2464",32,4,NA,"Yes",10,10,12,0,1,"",51,510000,76500000,141404805.914972,-4.34862638522876e-10,-0.434862638522876,6.50496511803922e-10,0.650496511803922,1.0853591503268e-09,1.0853591503268,-8.03812640522876e-10,-0.803812640522876,1.20239650980392e-09,1.20239650980392,2.0062091503268e-09,2.0062091503268
"304","22-Jan-20",0.4165,0.3205,0.033508333,-0.031116667,-0.064625,23,18,"22-Jan",20,0.235,"FLCass",32,3,NA,"Yes",4,8,12,2,1,"",20.5,205000,30750000,130851063.829787,2.56079943252033e-10,0.256079943252032,-2.37802170569106e-10,-0.237802170569106,-4.93882113821138e-10,-0.493882113821138,1.08970188617886e-09,1.08970188617886,-1.0119241300813e-09,-1.0119241300813,-2.10162601626016e-09,-2.10162601626016
"288","22-Jan-20",0.4361,0.3257,0.053108333,-0.025916667,-0.079025,1.667,1.333,"22-Jan",18,0.149,"CCMP2464",32,4,NA,"Yes",16,16,18,2,1,"",1.5,15000,2250000,15100671.1409396,3.51695182977778e-09,3.51695182977778,-1.71625928133333e-09,-1.71625928133333,-5.23321111111111e-09,-5.23321111111111,2.36037035555556e-08,23.6037035555556,-1.15185186666667e-08,-11.5185186666667,-3.51222222222222e-08,-35.1222222222222
"306","22-Jan-20",0.4101,0.382,0.027108333,0.030383333,0.003275,38,36,"22-Jan",21,0.294,"FLCass",32,3,NA,"Yes",4,8,10,1,1,"",37,370000,55500000,188775510.204082,1.43600899135135e-10,0.143600899135135,1.60949547783784e-10,0.160949547783784,1.73486486486486e-11,0.0173486486486486,4.88438432432432e-10,0.488438432432432,5.47447441441441e-10,0.547447441441441,5.9009009009009e-11,0.059009009009009
"325","22-Jan-20",0.4761,0.5218,-0.019325,0.024333333,0.043658333,13,22,"22-Jan",26,0.208,"KB8",32,3,NA,"Yes",4,8,11,0,1,"",17.5,175000,26250000,126201923.076923,-1.53127619047619e-10,-0.153127619047619,1.92812695771429e-10,0.192812695771429,3.45940314819048e-10,0.345940314819048,-7.36190476190476e-10,-0.736190476190476,9.26984114285714e-10,0.926984114285714,1.66317459047619e-09,1.66317459047619
"351","22-Jan-20",0.47,0.4891,-0.025425,-0.008366667,0.017058333,78,116,"22-Jan",32,0.632,"RT362",32,3,NA,"Yes",25,NA,NA,0,0,"",97,970000,145500000,230221518.987342,-1.10437113402062e-10,-0.110437113402062,-3.63418112989691e-11,-0.0363418112989691,7.40953021030928e-11,0.0740953021030928,-1.74742268041237e-10,-0.174742268041237,-5.75028659793814e-11,-0.0575028659793814,1.17239402061856e-10,0.117239402061856
"327","22-Jan-20",0.4961,0.5591,0.000675,0.061633333,0.060958333,17,41,"22-Jan",27,0.491,"KB8",32,3,NA,"Yes",4,7,11,0,1,"",29,290000,43500000,88594704.6843177,7.61896551724138e-12,0.00761896551724138,6.95677390873563e-10,0.695677390873563,6.88058425356322e-10,0.688058425356322,1.55172413793103e-11,0.0155172413793103,1.41685822988506e-09,1.41685822988506,1.40134098850575e-09,1.40134098850575
"353","22-Jan-20",0.5246,0.5774,0.029175,0.079933333,0.050758333,49,82,"22-Jan",33,0.554,"RT362",32,3,NA,"Yes",25,NA,NA,0,0,"",65.5,655000,98250000,177346570.397112,1.64508396946565e-10,0.164508396946565,4.50718233913486e-10,0.450718233913486,2.86209836966921e-10,0.286209836966921,2.96946564885496e-10,0.296946564885496,8.13570819338422e-10,0.813570819338422,5.16624254452926e-10,0.516624254452926
"330","22-Jan-20",0.5587,0.557,0.063275,0.059533333,-0.003741667,19,11,"22-Jan",28,0.456,"KB8",32,3,NA,"Yes",4,7,11,1,1,"",15,150000,22500000,49342105.2631579,1.28237333333333e-09,1.28237333333333,1.20654221546667e-09,1.20654221546667,-7.58311178666667e-11,-0.0758311178666667,2.81222222222222e-09,2.81222222222222,2.64592591111111e-09,2.64592591111111,-1.66296311111111e-10,-0.166296311111111
"354","22-Jan-20",0.5846,0.5458,0.089175,0.048333333,-0.040841667,28,47,"22-Jan",34,0.369,"RT362",32,3,NA,"Yes",10,10,12,1,1,"",37.5,375000,56250000,152439024.390244,5.84988e-10,0.584988,3.1706666448e-10,0.31706666448,-2.6792133552e-10,-0.26792133552,1.58533333333333e-09,1.58533333333333,8.59259253333333e-10,0.859259253333333,-7.2607408e-10,-0.72607408
"333","22-Jan-20",0.6731,0.5506,0.177675,0.053133333,-0.124541667,28,36,"22-Jan",29,0.447,"KB8",32,4,NA,"Yes",4,10,12,0,1,"",32,320000,4.8e+07,107382550.33557,1.6545984375e-09,1.6545984375,4.948041635625e-10,0.4948041635625,-1.1597942739375e-09,-1.1597942739375,3.7015625e-09,3.7015625,1.1069444375e-09,1.1069444375,-2.5946180625e-09,-2.5946180625
"355","22-Jan-20",0.5659,0.5054,0.070475,0.007933333,-0.062541667,49,57,"22-Jan",35,0.53,"RT362",32,4,NA,"Yes",23,NA,NA,0,0,"",53,530000,79500000,1.5e+08,4.69833333333333e-10,0.469833333333333,5.28888866666667e-11,0.0528888866666667,-4.16944446666667e-10,-0.416944446666667,8.86477987421384e-10,0.886477987421384,9.97903522012579e-11,0.0997903522012579,-7.86687635220126e-10,-0.786687635220126
"334","22-Jan-20",0.5721,0.5412,0.076675,0.043733333,-0.032941667,4,4.333,"22-Jan",30,0.057,"KB8",32,4,NA,"Yes",4,8,12,0,2,"",4.1665,41665,6249750,109644736.842105,6.99303972158886e-10,0.699303972158886,3.98863951518061e-10,0.398863951518061,-3.00440020640826e-10,-0.300440020640826,1.22684907396296e-08,12.2684907396296,6.99761318452738e-09,6.99761318452738,-5.2708775551022e-09,-5.2708775551022
"357","22-Jan-20",0.5896,0.5076,0.094175,0.010133333,-0.084041667,26,44,"22-Jan",36,0.473,"RT362",32,4,NA,"Yes",10,10,12,1,1,"",35,350000,52500000,110993657.505285,8.48471904761905e-10,0.848471904761905,9.12965049333333e-11,0.0912965049333333,-7.57175399828571e-10,-0.757175399828571,1.79380952380952e-09,1.79380952380952,1.93015866666667e-10,0.193015866666667,-1.60079365714286e-09,-1.60079365714286
"335","22-Jan-20",0.284,0.5416,-0.211425,0.044133333,0.255558333,35,79,"22-Jan",31,0.785,"KB8",32,4,NA,"Yes",4,7,12,0,1,"",57,570000,85500000,108917197.452229,-1.94115350877193e-09,-1.94115350877193,4.05200776666667e-10,0.405200776666667,2.3463542854386e-09,2.3463542854386,-2.47280701754386e-09,-2.47280701754386,5.16179333333333e-10,0.516179333333333,2.98898635087719e-09,2.98898635087719
"359","22-Jan-20",0.4983,0.453,0.002875,-0.044466667,-0.047341667,24,26,"22-Jan",37,0.516,"RT362",32,4,NA,"Yes",8,9,11,1,1,"",25,250000,37500000,72674418.6046512,3.956e-11,0.03956,-6.1186133792e-10,-0.61186133792,-6.5142133792e-10,-0.65142133792,7.66666666666667e-11,0.0766666666666667,-1.18577778666667e-09,-1.18577778666667,-1.26244445333333e-09,-1.26244445333333
